track_id,ADE,FDE,heading_error_deg,turn_rate_error,cum_heading_ratio,angularity_pred,angularity_gt,angularity_ratio,curvature_corr,path_length_ratio,seed_continuity_error
17,0.0034145873352651244,0.0070935746742080835,43.43921648515393,0.1447920116169381,0.02155661920964639,0.0,0.46153846153846156,0.0,0.9406745994346575,0.6576312091529433,0.00035146950636141344
24,0.00409245645541651,0.006220853641606584,56.62565350435055,0.2879839988629396,0.027999176246521436,0.0,0.7692307692307693,0.0,-0.31045671789455986,0.7972315315596653,0.0003390415174005092
25,0.003954073112768444,0.00809341461068301,59.31483338973384,0.22065911344402872,0.28875202125857247,0.3076923076923077,0.5384615384615384,0.5714285714285715,-0.29979896577193016,0.5938615354968163,0.0004389495510130249
31,0.0022993168389838976,0.003989637935126464,69.43914756680282,0.29869907285028074,0.2335898570613954,0.23076923076923078,0.3076923076923077,0.75,0.1903373889615576,0.7174445849052286,0.00033691157049071317
32,0.001908571479226766,0.004026055916587042,40.62581340958136,0.21465290438258072,0.2817744166235896,0.23076923076923078,0.46153846153846156,0.5,0.11140231322840354,1.0800403452148797,0.0003563228117913608
37,0.005150273313538997,0.008606403025919853,79.70377081445804,0.5603956329409475,0.0921478534933444,0.15384615384615385,0.6153846153846154,0.25,0.011321481972764901,0.7192033412198079,0.0004347171140783436
45,0.00678122784399158,0.011924897495451406,93.24291273143331,0.26077983918420966,0.10262706121159212,0.0,0.5384615384615384,0.0,-0.07837205312014606,2.855081229888771,0.0006698159086862334
49,0.004900414940090951,0.019932165217731997,113.41723334092248,0.34305348082126624,0.06642699077475583,0.0,0.7692307692307693,0.0,0.22975075615112567,0.11995099559883017,0.00043643347797610554
50,0.003584225142765691,0.007148871043572863,63.626069396185294,0.3388197247373266,0.08112874384768509,0.0,0.6923076923076923,0.0,0.2723822988504562,1.079787331036646,0.0004990973102928847
51,0.004076574177436183,0.007745137469975837,97.33956221504725,0.47274855331522153,0.043135686633753945,0.0,0.7692307692307693,0.0,0.00937074743012451,0.6912949848200282,0.0003775177448082789
ALL,0.004016172063948414,0.008478101103086316,71.67742128536688,0.3142584332155739,0.12391384263608567,0.09230769230769231,0.5923076923076923,0.20714285714285716,0.1076611849242454,0.9311527088893616,0.00042402765128988677
