track_id,n_obs,t_start_s,t_end_s,mean_speed_m_s,median_speed_m_s,p95_speed_m_s,path_len_m
1,433,0.0,14.566666666666666,4.221248977945878,3.7480077627758854,8.344115907254164,69.67561250721292
2,1993,0.0,66.4,4.674380551994924,4.071436615261577,10.000673826037172,332.46221692732183
3,1660,0.0,55.96666666666667,6.258714555469798,5.491559637366802,13.040352959802123,369.3648489300428
4,1623,0.0,54.5,4.46162019217945,3.7987201813167113,9.86118022318166,261.1426477929358
5,33,0.0,1.1666666666666667,5.102058796846483,4.2825558694286,8.591504202870338,6.221636739971615
6,1713,0.0,58.766666666666666,4.581212449761252,3.958759775586531,10.088743344778605,276.6720165970087
7,19,0.0,0.6,2.2379550703226334,2.4103631799172627,3.446401274542712,1.8827699834995826
8,290,0.0,10.8,4.959639111473875,4.337832597592789,9.523981897802628,54.96252985760062
9,367,0.0,12.6,3.457526071159868,3.1347421147022088,6.721249573267889,47.58799481308504
10,1032,0.0,34.46666666666667,5.655791889907789,4.833487549669385,12.30366478680906,215.54871185643302
11,1723,0.0,57.766666666666666,4.973690453417724,4.299647174506616,10.884496843016311,308.34366842137626
12,82,0.0,3.1666666666666665,3.972422537514812,3.6962320385183522,6.388829690330366,12.72271633711473
13,436,0.0,20.433333333333334,4.885231122991507,4.125157978594459,10.663167212203255,94.81672518144032
14,80,0.0,2.6666666666666665,5.889050394847292,5.491734701006219,8.605716304063172,17.01206702463196
15,727,0.0,24.933333333333334,5.7318901608415604,5.218283988699438,11.325885955497972,160.8039916458798
16,92,0.0,3.8,6.54469694055579,6.474006364608525,11.98748982392793,26.250530548057952
17,32,0.0,1.0666666666666669,5.788289044965683,5.4392795098017235,10.774411229951053,8.342297136331794
18,788,0.0,27.133333333333333,3.3731789227490943,2.8230578451086075,8.126915166700863,106.84323200479157
20,816,0.0,27.766666666666666,8.215234939955796,7.556595973237313,15.387652784591213,252.9770654808555
21,90,0.0,3.6666666666666665,4.364927206223842,4.429083542337668,6.985424355525406,14.273123935148329
22,374,0.0,12.433333333333334,5.181522395485114,4.498173466033673,9.821412782489382,67.2413173750327
23,716,0.0,23.83333333333333,8.435181557960675,7.870354752652533,16.338640701251023,206.9887915094155
24,589,0.0,20.2,4.307379487523342,3.865419011546863,8.213394021086481,87.12517160856959
25,125,0.0,4.133333333333334,8.356959615502747,8.535117815260943,12.632648585787075,34.380073354910294
26,35,0.0,1.1333333333333333,4.910380948528139,3.8669952853499217,9.157563003209676,6.362550309945935
27,166,0.0,5.6,8.420021946478364,7.242357031698409,20.561000054199685,55.363323063925485
28,266,0.0,8.833333333333334,5.683152762357619,5.646424888414798,9.97235496078817,52.118941295114126
30,1057,0.0,36.86666666666667,6.875096281696113,6.444051900864446,13.465410315469017,251.7958257185562
31,175,0.0,5.8,9.207085427800678,6.8588086723858215,22.6555251569163,61.44477217326957
32,266,0.0,10.666666666666666,0.4048429149829328,0.29141306093335084,1.1069518336711754,6.319324185008618
33,500,0.0,17.966666666666665,6.3290721627892905,5.866179751419962,12.371794557199033,121.72366714688086
34,998,0.0,34.166666666666664,5.1312725978540294,4.904953166194137,9.458761702032291,187.7675033518287
35,37,0.0,1.2,5.326423688390256,5.5370186831698875,7.336016320028514,7.252211279656043
36,436,0.0,15.8,9.9034615637015,8.770331845232503,20.173007720763618,159.89428970905152
37,309,0.0,10.266666666666667,11.773798858820717,10.406389256645785,24.674148381481306,124.12379517230094
40,217,0.0,7.633333333333334,4.218619950281489,4.114417471518124,6.163686925401863,33.37514135498344
41,139,0.0,4.9,10.233442312549679,9.63744090508773,14.562159493549968,60.29007391177599
45,161,0.1,5.533333333333333,3.2692251902516234,2.9626600799958056,6.824663524482143,20.763631119819273
47,72,0.1333333333333333,7.6,5.58463323150667,5.394764677412907,10.889529452685132,18.466708783862885
68,634,0.3666666666666666,21.633333333333333,5.070233647808804,4.767084135426424,9.440941261573526,108.48674697301271
74,136,0.4333333333333333,4.933333333333334,10.455032351684558,10.580280090640347,14.860043229316279,47.6629691892256
94,96,0.8,4.6,3.395472117177889,3.0863110097832194,5.83638938582043,17.790436180257668
116,86,1.0666666666666669,4.5,6.545955907032487,4.806223563540312,17.054690440161327,24.277086907713297
122,1137,1.1333333333333333,40.4,3.3966496360519294,3.1297783712797487,6.856854040712937,143.55472896838185
129,114,1.4666666666666666,5.233333333333333,3.6694761189056115,3.63943518042121,6.21242355582116,15.47255498864538
133,16,1.7,2.533333333333333,0.09979144880001249,0.08600033743855559,0.20827823471173407,0.09749875806484327
148,133,2.3,8.066666666666666,8.23823651004576,7.764585428440631,15.131644916351314,39.911964090474235
161,50,2.966666666666667,4.6,5.848690774184347,6.273445657613147,10.0243325090459,9.940802047316861
166,243,3.2333333333333334,12.033333333333331,4.831900974140353,4.539693245841087,8.671257614519417,43.00669515089012
172,35,3.866666666666666,8.233333333333333,0.15244178728920557,0.16395509645312697,0.23530454146829877,0.37204392373385514
180,19,4.066666666666666,4.766666666666667,6.035798600389599,5.776317342463556,8.051568259966132,4.548551036740893
188,73,4.333333333333333,6.733333333333333,3.6185454819935163,3.631054401160142,5.127790178966988,9.106310161781423
191,74,4.566666666666666,7.566666666666666,14.727404751215676,13.269405577305879,27.605129479880045,41.167416202996414
194,137,4.8,9.333333333333334,4.889118874826224,4.4924776390786185,8.163792562823017,23.96051871602922
196,68,4.933333333333334,7.166666666666667,3.1330438475471825,3.187418779373351,4.65202529932434,8.093404773318058
200,409,5.133333333333334,21.83333333333333,4.032204545436693,3.564755701918841,7.865492986397777,69.87755520564204
203,299,5.166666666666667,16.133333333333333,4.569265536099962,3.827796117021562,9.596458075214493,53.91275143770605
206,37,5.233333333333333,6.433333333333334,6.824393220338421,7.009384394992689,12.251610384799639,9.955603867772492
210,28,5.566666666666666,7.6,4.457044473697741,3.558290125425565,9.717132974631507,5.559918459118128
217,1649,6.033333333333333,61.53333333333333,6.532988107204053,5.8199731424003875,13.561218943248923,399.98720305467157
219,869,6.133333333333334,35.3,3.421442167404005,3.0522229959113534,7.58685823400804,108.33213954154299
223,93,6.233333333333333,11.033333333333331,11.277681980422463,11.038875694276275,20.0091460526956,43.93745955456318
236,134,6.666666666666667,11.1,9.291749613366688,8.34439820814404,14.146542041394575,44.36109503993569
238,148,6.7,11.633333333333333,4.519020064222769,4.22713765286435,8.114273207849294,23.31878986910866
241,165,6.8,12.266666666666667,7.849791979247241,7.1015602397887765,15.338521748950036,43.54326688975398
246,118,6.9,11.366666666666667,12.251498245018684,11.75202205521757,20.910067829883925,49.585684368106314
258,285,7.266666666666667,19.466666666666665,12.744128401504696,12.141302554651908,25.532528868948134,131.02411634106855
267,141,7.466666666666667,12.6,7.883577008456612,7.923508794438642,12.380478020513008,40.564977252190694
270,34,7.533333333333333,8.633333333333333,4.7701651621572685,4.842322798349752,5.751574036598265,5.306567911499127
317,150,8.7,14.7,4.7942008768595885,4.309369627548957,9.98333990206943,28.886251606507678
332,733,9.166666666666666,34.6,3.815607368350947,3.354578084832576,8.046869585478872,103.37534062439072
342,313,9.433333333333334,21.3,6.745608237194412,5.92178434070426,14.585003072262838,86.40672103833526
349,206,9.833333333333334,16.933333333333334,3.8037646528925597,3.474344986332094,7.495008459133654,28.10410085913797
354,146,10.0,15.133333333333333,8.55461786634902,7.481557611347751,17.179271141245447,47.348344750811776
356,15,10.133333333333333,11.1,5.637229620966221,4.9030821792541825,10.533394816973159,3.5409555267102024
384,57,11.033333333333331,12.933333333333334,5.892659250796244,4.937065515917979,13.812074471844083,11.879971183763596
396,162,11.5,17.0,2.767772735447433,2.5391744843018333,4.890266555422472,18.89353755593161
406,672,11.966666666666669,35.1,4.0572161058882505,3.6233147819241935,7.7051615286227095,104.15983946554525
408,219,12.2,20.666666666666668,2.956358171939962,2.6683057204487772,5.671244299130356,25.3279866010799
411,48,12.533333333333331,14.133333333333333,4.449077323097706,4.320783018189125,6.658581324874129,7.826146270875576
428,359,12.833333333333334,25.0,3.1520808452160067,2.7780578654674057,7.138785398885419,42.423249568421475
431,40,12.9,14.2,2.949441137963819,2.3456202324028603,5.394684706283048,4.6850223556206885
440,17,13.2,13.733333333333333,8.667106406886493,6.59687747625056,15.706055351110832,4.853010204101015
459,80,13.533333333333331,19.1,3.717469190630806,2.573049670955088,8.115644938761587,25.603555920955472
465,201,13.6,21.066666666666663,5.436321101449412,5.309175853355041,8.93793947370472,44.24442552445693
471,113,13.733333333333333,17.466666666666665,8.235969339094918,7.429520102811416,14.25979664742806,33.7774766046893
472,21,13.733333333333333,14.4,7.3252130325018685,7.909761208472018,10.477254084911257,6.963717999490843
502,444,14.4,30.0,3.259676432722128,2.439908478672719,8.881761625185765,60.28928213236517
505,62,14.466666666666669,16.5,3.0710930588660377,2.839964736509751,6.405182469687802,6.461653987318082
515,86,14.666666666666666,17.5,7.514566054078716,6.88072698378841,14.95400108314119,26.146778486244457
533,109,15.233333333333333,20.1,5.962982260972587,5.973994654041496,7.688905623856854,30.568714833292937
562,167,15.733333333333333,21.33333333333333,2.0788282986866795,1.7171381352061412,4.99280568286784,13.567305108705888
566,535,15.8,34.5,4.157074673094867,3.3314625081471236,10.610523497756963,84.53921457995872
588,133,16.6,21.2,4.15155895738625,3.729881363969948,8.338840945021056,19.947584773980534
607,151,16.966666666666665,22.0,6.470646039301568,6.387109637522816,8.004462011609654,34.169968469130815
613,157,17.033333333333335,22.23333333333333,8.270725269708732,7.044075652414241,17.57500309412783,47.5812519411437
631,79,17.333333333333332,22.33333333333333,0.20033211991880417,0.168347441252434,0.5094163261511397,0.8364096741198359
632,23,17.333333333333332,18.066666666666663,6.242022154984869,4.247362664647437,15.781622328768112,5.173441815842767
638,45,17.4,21.0,0.6192017839550226,0.5864958375622715,1.0644402287074217,1.4361130864565415
646,320,17.666666666666668,29.4,10.922422839767204,9.819045305734129,23.40848542597476,133.2232784426929
647,119,17.666666666666668,21.83333333333333,3.69201805752139,3.5985486967752904,7.024573840263047,16.067237871986382
652,110,17.766666666666666,21.4,3.7961922762573566,3.780942590320944,6.9180308402680115,15.766091019097122
661,1972,17.933333333333334,84.73333333333333,5.611326267193152,5.046352914883736,11.375881710362034,405.54169408387196
664,261,18.03333333333333,26.7,7.120086455518392,6.5482358459675165,16.76241855827244,69.81044068536976
704,40,18.633333333333333,19.933333333333334,5.908587019396547,4.675726720177319,15.916025222947432,8.868761906928805
712,42,18.866666666666667,20.23333333333333,2.280492491503976,2.292014039606189,3.129979697003619,3.6191266670774898
720,109,19.0,22.633333333333333,2.3403664989741455,2.2716112821376213,3.8489292733841904,10.844257742506342
726,33,19.166666666666668,20.4,6.3959335895490455,5.9028143556751145,10.495837869196595,8.48605525228089
728,707,19.2,44.16666666666666,3.396455139435774,2.923649746157701,7.121105122639082,94.39520325635885
732,165,19.266666666666666,25.0,6.283691450080286,5.072564823187156,14.683965662405729,38.79240509187726
759,122,19.7,23.73333333333333,8.31693042746664,5.498100806160409,27.684834129894703,40.03054201427794
761,52,19.8,21.5,2.7380651744055227,2.489184783444462,4.557102415505515,5.067411093538417
773,604,19.933333333333334,42.3,4.5650972508175025,3.8921047565600952,9.766802140666785,108.02272800644816
774,16,19.933333333333334,20.466666666666665,7.483956483828489,4.905230871669634,14.561797769885185,4.008269052402714
804,50,20.566666666666663,22.2,3.5264128873527523,2.4226276942007203,12.391019553043705,8.342840848561927
809,43,20.666666666666668,22.133333333333333,3.349915689061212,2.9793842691019807,6.313897423084189,6.245952934776756
813,426,20.766666666666666,35.06666666666667,4.959758215117526,4.63163045742513,9.73978067137379,76.08397567408113
823,78,21.0,23.6,4.450851613120421,3.983667233485459,10.412649587101898,14.2914924782303
831,253,21.366666666666667,29.8,4.24206421543022,3.7749291450902716,8.241744815122882,36.5639346700447
832,248,21.5,29.73333333333333,7.3026413223694036,6.69586372679308,14.459459709936306,64.85257614828141
834,54,21.53333333333333,24.133333333333333,7.9256575554990505,5.727664368579237,21.49421773193193,17.16736111779054
847,76,21.866666666666667,24.4,5.338846798142194,4.314102949153161,11.671236109065825,13.556539005684723
849,99,21.933333333333334,25.2,5.272962641338208,5.076779250700354,10.531009838832828,21.072253089854495
856,158,22.133333333333333,27.9,3.9932724302380844,3.7745739358586574,8.16050093188621,23.57749263690142
863,42,22.266666666666666,23.83333333333333,9.851311906478712,8.758485523674311,18.007864092595128,15.641274868879222
865,18,22.366666666666667,23.2,2.6682868362761036,2.340939377253745,4.022498325857989,2.2913772554689187
878,212,22.866666666666667,31.03333333333333,3.67405519505221,3.1484215546831136,7.946260731372267,31.748082352612087
880,604,22.9,43.23333333333333,3.9153215806232593,3.341582524155769,8.36210497555027,88.55197668553295
886,94,23.2,26.8,11.15207357776335,9.60269560856511,20.651766934297097,42.6091849422505
898,16,23.5,24.0,10.479186398432558,9.669880174489812,14.919874188954648,5.8457981136767
900,340,23.566666666666663,34.86666666666667,4.293671446954678,3.7297336580041573,9.672335921050019,52.03623297122619
924,85,24.73333333333333,28.03333333333333,3.579528372699423,3.9158304115694706,5.655566816970528,11.77267771433464
936,137,25.066666666666663,29.6,7.970971140996558,7.803341406693688,11.310860793830514,36.803437522812644
944,94,25.366666666666667,28.566666666666663,7.325408752409509,6.343834552985742,13.360323882386853,26.48533330239456
950,207,25.7,32.63333333333333,6.289783388351346,6.276325397964127,8.916313883656846,46.88611767937246
954,15,25.73333333333333,26.2,12.671442330876614,4.661843129197903,36.59469591128936,7.311876450145358
965,112,25.83333333333333,29.83333333333333,3.3551496994235577,2.925861247450162,6.710375660411206,15.883512926727828
967,54,25.83333333333333,27.6,2.3612567431449603,2.392335571947447,3.5862379157533764,5.37983188817388
969,103,25.866666666666667,29.7,5.950072451049134,5.530708627296861,10.747946913110848,22.16835861892755
983,270,26.366666666666667,35.93333333333333,3.6925644717378496,3.1267237072260885,8.639880068115149,39.892357631149245
1013,863,26.83333333333333,57.73333333333333,4.582490041735835,3.905310465949687,10.136711651952806,147.15429013409985
1016,2694,26.83333333333333,116.96666666666668,3.6547026642086613,3.0865089528296106,7.853207388226224,377.8856905441467
1020,72,26.866666666666667,30.9,5.478665029019655,5.26137612356079,9.707339674511232,20.9481247775433
1031,328,27.0,40.13333333333333,6.96559625854433,5.498418221291116,17.48918866866333,100.97310301097532
1033,110,27.03333333333333,30.966666666666665,6.621377635164451,6.7227506501846594,8.742576711877343,26.51751598278207
1037,50,27.1,28.866666666666667,7.739220865201129,7.179761715388116,11.730039830998713,16.74235054608829
1047,243,27.4,36.2,9.88738151700725,8.814222529239904,19.18992356921732,88.27090720973126
1049,433,27.433333333333334,43.53333333333333,2.741374942936665,2.6398850073834703,5.447787132497821,48.051067969735094
1059,74,27.666666666666668,30.1,3.2476353226723766,3.0546773187329066,5.132916391546919,8.840728638697055
1085,15,28.266666666666666,28.73333333333333,2.238198710856912,1.9146980489743135,4.49491301245171,1.3281092254299431
1088,20,28.6,29.23333333333333,2.5785172092773703,2.1228287440267986,5.647934051558008,1.9277200056706136
1089,135,28.6,33.166666666666664,3.0613470270932845,2.728035921563315,5.056043715423945,16.720428949567474
1094,160,28.7,34.46666666666667,3.0190265467245774,2.831526745704715,4.708388503126776,19.29543811214786
1096,40,28.8,31.166666666666668,1.8874125951244693,1.1246221614293188,5.816577543285295,4.709613856180893
1098,138,28.8,33.36666666666667,3.5889414987066766,3.399609770102106,6.746061072354826,18.07515586677395
1106,608,28.966666666666665,50.2,6.062258908460526,5.420769977343869,11.333378899750514,143.66237929690112
1118,95,29.566666666666663,32.86666666666667,3.946985276177608,3.1676234937078194,8.478935460696219,17.608187417543693
1132,47,29.933333333333334,31.566666666666663,4.214012847913345,4.267212177805662,5.313890554070108,6.9227397943863584
1141,31,30.03333333333333,31.1,10.315887778922638,9.242812516363124,22.310528577354994,14.983737236866833
1147,31,30.1,31.1,6.6060383688976625,5.306057099594663,13.646178584848613,9.374557374748317
1187,199,30.866666666666667,37.46666666666667,5.5548648366843585,5.443099227871109,9.355601699268409,38.269770104339415
1190,34,30.933333333333334,32.03333333333333,9.95712254060757,5.098198247176541,40.72067968676619,11.744543364767658
1204,253,31.2,39.6,4.620838499413977,4.456086314983966,8.48279533762637,42.784546191554576
1210,24,31.266666666666666,32.03333333333333,3.520420001638397,3.2926406517308906,5.105542423808189,3.0081647155902362
1218,101,31.4,34.766666666666666,2.3373692194026,2.310701663383335,4.0244124193654365,8.918941687311296
1229,51,31.73333333333333,33.4,5.567858532436921,5.10626344761936,8.108650905474054,10.190487177545558
1238,99,31.83333333333333,35.53333333333333,2.6291698035725823,2.2803463261811054,4.8462378619599455,11.634165383295738
1259,269,32.166666666666664,41.1,3.926029945476034,3.5662040359355,7.605993784742176,40.37011235074974
1271,545,32.833333333333336,53.16666666666666,4.975309073870592,4.231507857914624,11.062644480003472,105.66039624990569
1276,67,33.0,37.0,3.8490974160744984,3.733151040929492,6.12909690613119,15.665084354056038
1285,320,33.43333333333333,44.766666666666666,3.0417236555239247,2.713813493559206,6.199198057528133,37.83500195996245
1286,2181,33.43333333333333,106.26666666666668,3.5877303150875584,3.220689661862631,7.260293233239645,290.8466488666702
1298,23,33.6,34.36666666666667,3.7216911798779218,3.839593910950363,4.252783023671024,2.960336791776688
1299,128,33.6,37.833333333333336,2.334461255697993,1.718256665850168,4.4560906152966595,13.501277988730553
1317,123,34.166666666666664,40.0,6.463449369662664,6.024061813012355,12.854892057348131,31.48373323403639
1322,22,34.233333333333334,35.2,3.8494814059771287,3.907339011181739,5.066296838631545,3.2257489490698696
1328,451,34.333333333333336,54.66666666666666,6.3036507384036415,5.514616629975208,11.96243911366959,126.17690524172608
1333,1152,34.4,72.76666666666667,6.0615532252951105,5.435962127465515,12.231489859903151,248.75860788665352
1338,407,34.56666666666667,48.43333333333333,4.739179018002198,3.857780445153872,10.889598762026534,72.59318494685627
1339,170,34.6,41.333333333333336,4.120980253098227,3.5071769881102854,7.515823054030336,28.152283495340285
1363,99,35.3,38.56666666666667,3.4009868738546936,3.1943449044407335,7.867689022763986,15.755845229250498
1370,928,35.5,68.3,4.952256334083985,4.379419827103652,10.132666435878122,171.9866996793753
1377,119,35.6,39.53333333333333,3.75219813035282,3.8106123139758954,6.409837201259296,16.615646092985408
1380,151,35.7,40.7,2.9265285546247872,2.3104840233372825,6.4916548423878115,20.592588017709023
1389,75,35.93333333333333,39.56666666666667,9.935407958806122,8.783365367614483,21.31032098747917,28.826819425195406
1391,66,35.96666666666667,39.96666666666667,2.1484324403356805,1.6391367394108731,4.684659617497319,7.26026942876121
1394,728,36.0,60.23333333333333,4.797684389541312,4.086734108119861,9.906072074734851,123.69698025806774
1404,1593,36.1,89.16666666666667,4.980193434954718,4.470098815767552,9.950761311160125,280.6942641742604
1412,53,36.23333333333333,37.96666666666667,1.9518084253410721,2.0998566841357857,3.854072567572326,3.94734543899937
1414,87,36.3,39.5,2.764469659159329,2.1858298103625837,5.21884375673212,10.885619617076104
1416,1016,36.36666666666667,76.8,0.35691981612947754,0.17057419375073402,1.2456669218965768,17.134276593806124
1435,138,37.56666666666667,44.36666666666667,3.562886394703432,3.0087850524550395,8.98800046674374,22.78877897206337
1486,1435,38.333333333333336,89.76666666666667,5.628648293256401,4.757952870497585,12.495196222722836,308.894986694086
1512,119,38.66666666666666,42.6,4.434504649793396,4.2091460518035095,7.836461550955115,19.856074050508
1541,68,39.06666666666667,41.3,3.8617509092376725,3.4362537630087733,6.478571969889384,11.440005705287675
1543,1935,39.1,108.03333333333332,5.271109689932073,4.722644480586554,10.99647503821214,390.3931835783642
1556,81,39.2,41.86666666666667,4.023158679677056,4.0171272130035,5.879571430065939,11.819113384903853
1559,45,39.3,41.63333333333333,3.2703114544984953,2.9932892347819546,5.891561107446432,6.789924894171553
1575,354,39.63333333333333,52.06666666666667,5.398315897428204,4.83040661828647,12.626842126697111,70.8495067779123
1579,2399,39.66666666666666,122.36666666666666,7.961558488263183,6.942042563740825,16.210096134990454,692.868066822891
1580,929,39.66666666666666,70.6,6.20231464156796,5.607079777536672,12.132285439287518,202.32966033260388
1581,21,39.66666666666666,40.333333333333336,8.886691624615485,7.500967037843486,24.626149475375296,6.352164323184562
1587,425,40.16666666666666,54.63333333333333,4.248203016277262,3.8405026917387026,7.9685616629499085,66.86165707412223
1597,499,40.4,58.0,3.8709174966501037,3.4257648780961447,7.752990986000277,74.53992590015824
1598,52,40.4,42.1,3.33556124267298,3.213202566379177,5.297764567560317,6.2550755727332366
1602,1064,40.5,82.13333333333334,3.7761864087852373,3.239800463964882,8.109143433340444,169.2761394497754
1611,23,40.7,41.43333333333333,6.222040686258976,6.131152199576129,9.129425219621673,4.915415442012977
1613,30,40.766666666666666,43.3,1.2086275071694308,0.9132812633057655,3.3455384125087817,2.6751400915389048
1625,107,40.93333333333333,44.46666666666667,8.552358267197253,6.325981372196023,23.923602657673833,32.020040882941665
1631,194,41.03333333333333,47.46666666666667,3.1371183287449695,2.5576716783231737,6.340220459806062,21.61842801580312
1632,20,41.06666666666667,41.7,3.7099109735239146,3.3684672548441332,5.465710881682556,3.062693472413357
1647,277,41.56666666666667,51.96666666666667,10.484042896706288,9.688893984158721,20.10754458566199,111.191482619084
1661,97,42.06666666666667,45.7,6.177171545663981,5.108762588766393,13.952362444267392,25.191318448827662
1665,82,42.13333333333333,46.266666666666666,3.8956951670226028,3.6499157585078605,6.8716471226692555,14.30592587738926
1686,22,42.46666666666667,43.73333333333333,3.9363910926733614,3.964582367638433,5.861977196721356,3.591879785161309
1693,311,42.53333333333333,52.93333333333333,5.927790381653684,5.248781430195397,11.739386459651413,75.92650227466271
1697,255,42.56666666666667,51.1,4.302427391119708,4.109515261080681,7.597702622621995,39.47633293217427
1703,129,42.63333333333333,46.9,8.082917654145367,7.133371838888221,17.806707754454383,34.371373572596156
1714,27,42.8,43.66666666666666,9.446382384036283,8.13688599579952,17.906446477326686,8.827354694240057
1719,249,43.16666666666666,55.16666666666666,6.054693146669136,5.125257274753686,14.611442138317777,67.97594399057078
1720,31,43.16666666666666,44.2,11.497633343128047,11.456440053679303,16.935577987253474,13.733326457316618
1764,253,44.3,55.333333333333336,10.291544897110708,10.132606564396998,18.763756355747507,94.82479880421236
1772,119,44.36666666666667,48.53333333333333,7.6182911825390685,7.4519452975117755,10.949231370249588,34.412691470296316
1786,236,44.53333333333333,54.03333333333333,4.79248854860913,4.313690827083157,9.4499257894367,45.904815400145296
1800,55,44.66666666666666,46.46666666666667,6.995527038642491,5.9994994588002,11.686405444888333,13.511914331073731
1811,20,44.73333333333333,45.36666666666667,3.913663356998869,3.7992508508229754,6.542015459515264,2.928417982365247
1814,145,44.766666666666666,49.56666666666667,8.619147932377052,7.993934749395763,16.25601160953525,44.703057743429156
1822,1993,44.833333333333336,111.4,7.305556484530232,6.504865541163153,14.185682266316984,536.0069499410521
1828,109,45.0,48.6,5.550939230416901,5.132266973190387,9.951091311398022,22.007388295821055
1830,125,45.1,50.66666666666666,2.2641214505675866,2.142137564024532,4.012476052167477,11.525768398486287
1846,101,45.43333333333333,48.766666666666666,3.363464637634841,3.0748443247268016,6.32594031778974,12.430210709125225
1874,74,46.03333333333333,50.46666666666667,11.804624040314673,11.861035614248376,19.56966292965929,35.22185860303832
1878,301,46.1,56.266666666666666,10.925956133936614,10.802382522380148,18.839125991189817,116.05148193173012
1882,43,46.2,47.6,2.7175955713861675,2.7365394596593413,4.528762124761442,4.079141185553721
1887,1433,46.43333333333333,95.93333333333334,4.1690604045080235,3.770636222420645,8.335309759811942,217.53639513765987
1888,86,46.46666666666667,49.7,7.191771565167024,6.507636885599581,12.753517709069989,25.320127944195267
1895,355,47.06666666666667,59.03333333333333,7.1116422444197624,6.923342306747573,12.856499680770892,89.63708052507448
1903,359,47.16666666666666,59.56666666666667,4.507787390707936,4.176819865345429,7.881188254195385,60.74936046286363
1904,878,47.23333333333333,76.7,4.604363127281936,4.211614639543457,8.850046599404196,144.56351713702082
1910,42,47.53333333333333,48.9,4.546110097918462,3.9449131088025613,7.662935242290708,7.102732233625968
1936,211,48.03333333333333,55.06666666666667,4.729424815035538,4.198328093779937,8.860012917819676,36.77741404615438
1937,40,48.06666666666667,51.6,10.205505385714496,11.686540875327864,17.243197029033926,25.55102242500126
1945,64,48.3,50.4,3.90459351152715,3.772680046241473,6.051871292128435,8.732100952243606
1954,319,48.6,61.23333333333333,4.410813789774655,3.603572411517381,9.645295141834776,57.126734672960644
1974,31,49.2,50.833333333333336,13.650913406505767,12.235837210629159,24.25129690123961,24.184866809235405
1976,181,49.2,56.266666666666666,11.362005231704698,11.479571937405984,20.64098085732238,77.1917519400429
1980,805,49.266666666666666,77.36666666666666,4.024717818533686,3.4295991875459655,8.643639127630149,126.39714321235253
1986,58,49.4,51.3,6.071649212953994,5.4067097470162535,11.49276115315123,13.425166942897011
1987,24,49.53333333333333,50.766666666666666,10.69444961683182,11.379135938101243,16.22400089963562,9.026416553802436
1996,77,49.8,53.56666666666667,3.909147168065793,3.7782718269921802,6.08629370379601,14.763588626589259
2008,66,49.9,52.06666666666667,8.316262011821275,7.427534995873221,16.298960777371192,19.07673818370169
2013,38,50.0,51.23333333333333,11.58752979487243,11.275849850883015,16.83134605644132,14.217455942236485
2047,95,51.16666666666666,54.333333333333336,7.822323057016451,7.7250113771803885,14.006265616854858,26.614622912106107
2048,171,51.16666666666666,58.23333333333333,18.818082098158847,19.122212086342714,31.570463928589923,138.3492735658894
2054,197,51.266666666666666,57.8,5.686051379411781,5.548351511521941,9.749112097236956,39.22044057703371
2058,42,51.333333333333336,52.7,17.04340446006534,15.960859773164582,31.204407316024593,23.94359942383773
2067,229,51.66666666666666,59.73333333333333,4.466151805582092,3.9757356059121607,9.577649146189442,40.508489231974906
2068,392,51.66666666666666,66.76666666666667,4.230808344342125,3.667126193383763,8.66125628376591,68.72874531439335
2069,26,51.66666666666666,52.5,6.208511545845378,6.728036462779615,10.508111476432148,5.63121023821238
2074,28,52.0,53.0,3.824795471401488,3.7023825720869903,5.504790610122498,4.095976700637526
2075,20,52.0,53.5,9.674936617960705,9.726027422939211,16.276428316165628,8.41369594351362
2084,216,52.66666666666666,60.66666666666666,4.8703469930039125,4.1399282138666536,10.519268643496739,41.59506721873557
2086,96,52.8,56.86666666666667,6.71839279234721,6.386128855700322,11.350470807888533,27.90905613415479
2115,410,53.266666666666666,67.23333333333333,4.811637534993453,4.366108524171054,9.404936748391616,74.14261873686425
2116,77,53.266666666666666,55.93333333333333,8.06666252574688,7.402187890793096,14.114454917201481,22.21173623605801
2131,107,53.63333333333333,57.43333333333333,8.576008316307513,7.360314762409432,18.049090505511902,35.94197204842987
2186,288,54.333333333333336,64.93333333333334,5.35721200693779,5.0042582365336905,8.844670783024934,64.09727089690499
2192,57,54.4,56.266666666666666,3.0432987688798194,3.016644644416861,4.734646220712258,6.716805737117821
2197,88,54.5,57.73333333333333,3.769150823795319,2.992276916480866,9.900915265812248,12.605709583750917
2221,133,54.86666666666667,59.36666666666667,7.998088425517815,7.60541365163503,14.766335825345903,40.740375647908934
2227,84,54.93333333333333,57.766666666666666,3.3405342275103473,2.956113495475751,6.647957411039335,10.952938519498977
2228,222,54.93333333333333,63.0,4.925404347751704,3.9627221251020943,11.636608739505279,45.564050699043705
2233,613,55.03333333333333,75.43333333333334,3.3207218944180528,3.080059350894699,6.198069940950711,81.49391272995567
2235,88,55.13333333333333,58.03333333333333,4.593985735898471,4.542070661467299,8.371080927317209,15.390362492822497
2236,40,55.16666666666666,56.766666666666666,7.69671699314398,7.405205752772879,12.223403018947048,11.940415290587637
2240,100,55.23333333333333,59.16666666666666,6.569183308407746,5.834630775713538,12.99837723861644,27.761723732848985
2242,17,55.333333333333336,56.03333333333333,7.316381498604192,7.36022553341806,15.330793638701309,6.458119848632873
2262,107,55.63333333333333,60.43333333333333,3.2826055352310117,3.0067216872280094,5.994179868016779,17.402232218919224
2286,509,56.13333333333333,73.43333333333334,4.889396227327665,4.40300710218405,9.017960113679175,94.68144595234001
2305,97,56.53333333333333,60.2,5.252195929866782,4.269816625522436,13.120336937069832,20.599436827538504
2309,80,56.66666666666666,59.66666666666666,7.017080382973774,7.0784336269703765,10.13744696404478,22.935590067302
2342,253,57.5,67.36666666666666,3.612229203054826,3.094591737753819,7.140069147249022,41.36902664669227
2363,137,57.8,62.4,4.234686837571489,4.117308375316329,6.767227670111339,26.190000861856536
2388,401,58.23333333333333,73.96666666666667,8.496106365898175,7.525813703214988,15.945805799668415,131.32921083886808
2407,402,58.36666666666667,75.63333333333334,6.795680102645371,6.500950506009407,12.783699456952847,121.95652336250326
2413,21,58.43333333333333,59.1,4.299929592085283,3.5917952614540822,6.858374043343546,3.6610604882938103
2426,140,58.53333333333333,63.7,3.3396068016567386,3.210389514542762,5.164240053093543,18.315237424887577
2429,147,58.6,63.8,3.1792870226898513,2.8922809893172317,5.6159069538191275,17.90980054489076
2446,20,58.833333333333336,59.46666666666667,5.713087037518517,5.883825706576685,9.624252236329209,5.318530791658374
2455,35,58.96666666666667,60.1,4.638689173366492,4.293930587344016,7.032147276815008,5.168848329282456
2459,23,59.1,59.833333333333336,6.246065852302137,5.56830635523178,10.667381847839605,5.310827499938024
2464,308,59.13333333333333,70.0,4.045604657711474,3.7913589958351213,7.521106093012355,47.12507835163614
2506,192,59.63333333333333,66.0,5.588196868753332,4.307317603804738,12.721465351054423,39.93269253123538
2513,108,59.7,63.766666666666666,3.713677864852401,3.4771343019719883,6.892026535780936,17.35524389303818
2520,134,59.766666666666666,65.16666666666667,7.594972908004489,6.668402243077107,12.815552350440024,39.506683154132496
2536,34,60.0,61.1,6.178707200106513,4.058273865459369,14.11087983303214,8.472979307116086
2539,138,60.0,65.03333333333333,4.997344247722248,4.897753032240264,8.136454741724334,29.853542516090787
2548,93,60.13333333333333,63.2,4.456090971119933,4.452654366939138,9.021105581606944,16.091829972035708
2566,100,60.4,65.06666666666666,4.34261858042633,4.033226979585876,7.634462300630107,17.213914137874138
2568,811,60.43333333333333,87.63333333333334,5.116394528603262,4.3362263766535225,11.633326039791577,153.0195611069404
2586,393,60.833333333333336,74.4,3.1222723440331315,2.6444010806631604,6.287944301666116,51.36790899291152
2588,355,60.86666666666667,74.26666666666667,3.5724656099529475,3.2485347509654927,7.271459304738424,52.12624206094964
2611,367,61.4,74.8,4.156591034579401,3.86069969176593,7.815068803745199,57.835556382715616
2635,104,62.36666666666667,66.33333333333333,4.843140234512277,4.887732363324863,7.034378579252936,19.80131428292384
2648,319,62.66666666666666,74.73333333333333,8.52066852766713,8.131113883107986,14.827460959425348,112.14196434412247
2652,199,62.73333333333333,72.3,4.045567168451366,3.7397466396016883,7.911957854476043,31.506524440511225
2653,186,62.73333333333333,70.0,9.290258028943029,8.845352526213674,19.81993346368586,65.34638416253762
2661,163,62.8,69.4,3.432795529628716,2.8975303430045867,6.141631419569258,22.69928099695212
2663,105,62.833333333333336,66.7,8.108288055153126,6.5274444714600195,17.6200613948966,32.423131183516865
2666,35,62.86666666666667,64.26666666666667,3.720153895709513,3.7264100643749956,6.154710126691141,7.431909138305539
2669,24,62.96666666666667,63.73333333333333,3.563322555786172,3.432675879942521,4.669356899621604,2.991940198030861
2689,214,63.46666666666667,72.36666666666666,4.472506694501716,3.282080075356336,12.798529470573513,40.73922495762048
2701,93,63.7,67.33333333333333,6.435940859076021,6.131671497517063,12.384868374679954,22.916761370042845
2704,67,63.73333333333333,65.93333333333334,5.24594013524704,4.324946724875597,9.943090440417492,12.258573913091142
2711,22,64.13333333333334,65.33333333333333,0.5410308097706604,0.5014030021343425,0.8414843139093646,0.7002039183548465
2718,170,64.3,70.03333333333333,3.2157721115206863,3.2213924098999476,6.066256214164526,20.97476631776343
2738,578,64.83333333333333,84.4,3.564727872203125,3.281865468334378,6.510098010247732,74.93141011206804
2751,76,64.96666666666667,67.46666666666667,3.4747016621055264,3.546444519091933,5.272598564033619,9.886648553353295
2753,21,64.96666666666667,65.63333333333334,5.707234115504973,3.9260431981034474,13.17842168216012,4.181223353189168
2763,97,65.1,68.3,3.016617006073314,2.1473902494330446,8.477233994171938,11.242922935688883
2772,170,65.16666666666667,71.13333333333334,7.607850566353647,6.736233690201095,14.783785569544262,45.344300292688544
2783,43,65.5,66.9,4.489042779131274,4.316268937768892,7.940824501407255,6.643862143198146
2787,220,65.56666666666666,72.86666666666666,5.62079934670619,4.584029351982523,13.38305522128983,49.99730955255685
2789,258,65.6,75.9,3.712155737274355,3.3878815956950685,7.529489119469859,38.762280872429315
2823,22,67.5,68.2,14.45834642211285,14.461562548410644,18.315575932513198,10.014290265706604
2824,79,67.6,70.2,3.3798148388501157,3.2976627643090084,6.847367587576391,9.693601505135653
2826,67,67.66666666666667,69.9,6.84656225636454,5.392600921271403,17.03691738261981,19.252171471520885
2850,753,68.06666666666666,94.23333333333332,4.612170114488606,4.152175463687247,8.950574117297437,128.91563532660385
2855,43,68.2,69.6,3.490470930164334,3.8973315456124324,6.012468799916929,5.150981030578314
2859,177,68.26666666666667,74.13333333333334,3.530757934767276,3.2859351849528506,6.258532359323551,23.61523424832122
2889,31,68.8,69.93333333333334,2.9136428608572356,2.784850097848422,4.331201675945259,3.616010129702738
2902,109,69.03333333333333,72.63333333333334,2.6048312348631812,2.224163520545768,5.080076065603799,10.241154659637964
2928,73,69.46666666666667,71.86666666666666,2.3539151894591006,2.246228141133904,4.3944918124890515,6.162779672665583
2938,551,69.7,89.1,5.899747287600328,5.07691824228836,11.12019823493867,135.45564240128152
2940,382,69.76666666666667,83.26666666666667,4.933262231101206,4.132042232291919,10.373141433690217,68.71127481923102
2948,297,69.96666666666667,80.06666666666666,5.5855118896376315,4.625733124778135,10.952343462491436,59.49627015596415
2953,31,70.06666666666666,71.46666666666667,7.619584420887919,7.35201567757544,11.635411252940822,9.7383583877526
2974,494,70.43333333333334,88.83333333333333,13.995821963185756,12.89312883046333,27.283437562486565,253.07392451124306
2984,667,70.66666666666667,93.1,5.266908740989453,4.936295829328835,9.87147583092001,124.52261032524245
2988,17,70.7,71.66666666666667,6.334532897658792,4.90664869157277,12.201214815683588,4.801232068437561
2996,265,70.83333333333333,82.6,5.848434742680563,5.658917362193732,11.666837158436232,68.4535221358107
2997,496,70.83333333333333,87.33333333333333,5.347153441466438,4.945747208412932,10.422684183517411,94.12897086963969
3010,98,71.3,74.53333333333333,10.494853065559434,8.998126345893894,21.73263073182273,35.570998058260344
3016,210,71.53333333333333,78.56666666666666,10.309521728437007,9.191181307330924,21.20290951802858,74.83693661356527
3026,2012,71.96666666666667,139.26666666666668,7.517745481466693,6.870466210366863,13.9986668596254,560.2009344787864
3032,86,72.2,75.03333333333333,4.618839713292817,4.304141814362171,8.742205822817953,16.685827335444593
3039,50,72.4,74.03333333333333,8.078764186934446,7.926322965704632,12.538882739019074,14.613691861029405
3048,91,72.66666666666667,75.66666666666667,3.742751235508681,3.3479151300094605,7.369923577803609,12.258773951917375
3053,83,72.8,75.53333333333333,15.987836187475489,13.826007556307237,33.42666356779536,44.66352093387402
3055,126,72.83333333333333,78.73333333333333,6.193106313930069,5.654445258998568,11.688222462910826,30.083463054251865
3072,92,73.6,76.83333333333333,3.178893774632625,2.8998023018821186,6.036589647662222,11.467050514349253
3079,332,73.7,84.9,11.734240260026944,11.116520753450434,21.080618501949765,139.860502557518
3093,67,74.06666666666666,76.26666666666667,13.763749864351684,12.315978021618378,27.30180125123354,31.03208068868312
3110,573,74.43333333333334,93.5,5.08440102275829,4.594052056107779,9.762841530893695,107.41729760592197
3116,157,74.5,79.93333333333334,7.147604321169048,6.061398951721013,12.771956652180556,43.303625201116695
3146,342,75.13333333333334,86.6,5.2031235597276675,4.7535091026827185,9.903926719585304,73.24024672971169
3168,43,75.4,77.26666666666667,7.6726184353308735,6.573977143873398,15.163336509117912,20.43347515836701
3172,113,75.46666666666667,79.46666666666667,4.757364171413247,4.456815884972781,9.518283498085305,21.869248799733914
3174,256,75.46666666666667,84.46666666666667,4.072664861468171,3.853538051568189,7.325049546286563,39.3851466137377
3185,161,75.6,81.23333333333333,10.159223103070085,9.271187295874167,20.19778403894265,59.37733897087518
3208,69,75.93333333333334,78.23333333333333,16.082308370512425,15.892991518268634,25.836551902044164,38.50108158719755
3209,279,75.93333333333334,87.36666666666666,7.213841937271436,6.514485761389656,14.440121599490482,85.00449378217434
3216,274,76.3,85.4,4.159923925736796,3.786138201054438,7.1206896732623735,41.71300537996987
3218,122,76.3,80.33333333333333,4.588760358392871,4.214249806941849,10.329987398626173,21.007031831599015
3249,93,76.86666666666666,80.0,6.912317536427069,6.618064751908447,11.046356824822597,22.241357628971286
3253,19,76.93333333333334,77.56666666666666,5.600366517407838,5.821342535697907,6.695564432749357,3.5077513324973104
3272,26,77.16666666666667,78.0,6.652943380325932,5.278581882869482,14.703380625118447,7.017400407579344
3281,859,77.26666666666667,106.9,4.0961137514878265,3.6952673370150384,8.283650570521438,135.44627396457133
3286,213,77.3,84.4,5.901758239110167,6.019556063857294,9.00329729712432,46.07024095039918
3299,103,77.43333333333334,80.83333333333333,4.770472780653648,4.502176286869647,9.252713310543124,17.62362342849373
3319,22,77.63333333333334,78.43333333333334,16.41253106711558,16.485568564797916,20.800889142129275,12.013572855662845
3332,84,77.8,81.9,4.286743634295704,4.350077902136883,7.296683159549899,15.648855465908447
3346,1479,77.96666666666667,127.23333333333332,7.419473952144409,6.441751154442194,15.698307982272132,412.06473830257966
3347,36,77.96666666666667,81.0,3.1768496073555577,3.063402908240764,5.155613591528212,4.021823715736684
3363,457,78.2,93.7,5.112210540105394,4.700104072791848,9.315280906940856,90.24278455368216
3368,844,78.3,106.53333333333332,4.244859086484758,3.695669658282731,8.49902026906488,135.69797352868807
3389,86,78.43333333333334,82.03333333333333,5.821894727183256,5.548255862827336,9.048525149054251,21.150246571737636
3395,133,78.46666666666667,82.86666666666666,7.177339638725976,6.630801751286495,15.769901661046575,34.15813004811074
3423,72,78.7,83.83333333333333,5.461398421918586,4.925885048510137,11.006957247527888,19.69519970325598
3458,227,79.3,89.3,9.631061549611994,8.34252278960788,18.528271504435136,95.48609179441924
3460,1315,79.33333333333333,126.46666666666668,7.7311912043853015,6.7781952466537465,15.280963091880604,391.17223933529
3472,16,79.5,82.23333333333333,3.8047380349801916,3.6531945582722942,7.332197251768493,4.174199100450387
3486,672,79.6,101.96666666666668,4.92026153704412,4.477365014118557,9.897220763059325,119.30210944680101
3495,66,79.73333333333333,82.33333333333333,5.66189754415577,4.941914838873004,9.91637008479361,15.624058027448612
3522,109,80.16666666666667,83.76666666666667,4.670276295000679,4.858460486148763,6.968450917219136,17.358168932255673
3531,355,80.3,92.1,5.842435488271725,5.097339511923095,12.466693464928749,81.37859356392526
3549,160,80.56666666666666,87.36666666666666,5.4194442900001505,5.2667564895307235,9.393979937094045,36.62507073948195
3550,22,80.63333333333334,81.33333333333333,8.716164975693916,7.893956698948664,21.034297227835424,8.355722590113329
3563,101,80.83333333333333,84.16666666666667,4.41904365569903,4.207379209057619,6.822100496214158,15.971086874234459
3574,326,81.0,95.0,9.647010117878235,9.078653480129692,18.521625022563875,133.18167713657238
3580,442,81.06666666666666,96.0,8.191524782633106,7.358752745904504,15.33845404657438,126.97189839908181
3601,187,81.5,87.7,4.757005159907426,4.236739322891469,9.441365401874148,32.782391514973746
3613,885,81.7,111.56666666666666,4.23006499676228,3.6511725344071606,8.928326474936494,139.00511754522287
3630,1196,82.06666666666666,122.43333333333334,3.954660509881493,3.3906476935849614,8.528637022676866,179.34597541598438
3640,121,82.3,86.3,6.182141840028972,5.593052137713615,10.808794785396381,26.084700215655754
3646,18,82.4,82.96666666666667,8.729467678818954,9.06383693014353,10.867747067178664,6.402770422000665
3652,393,82.53333333333333,95.86666666666666,5.22972586062599,4.501697728960295,10.485640862012527,73.84714680388981
3677,87,83.2,86.23333333333333,9.621277578861568,8.77903074974536,16.53828317419926,31.648008528523285
3684,276,83.3,92.46666666666668,5.102933118390091,5.118296631293115,9.682029525869599,50.70823121056955
3709,87,83.66666666666667,86.53333333333333,6.755296622041891,6.351838272608722,11.693727696169445,23.732699729782947
3713,21,83.7,84.36666666666666,5.481853517478337,5.136588647983514,9.170226943878806,4.181399994097252
3720,119,83.76666666666667,90.13333333333334,3.0089688969346495,2.5002403026109357,7.424748875867727,20.463049904786345
3732,237,83.86666666666666,91.73333333333332,6.160564140188631,5.492879730005621,11.803356584302186,51.55438119236494
3750,426,83.96666666666667,98.13333333333334,4.155122986256673,3.544813787657879,9.184124110267806,63.13136285509192
3751,15,84.0,84.46666666666667,7.945781810745615,7.960363107261441,9.884314361879719,3.47908562101723
3767,915,84.26666666666667,117.36666666666666,3.7355811660456655,3.5206311994113926,7.062697084582623,138.3217303819994
3774,222,84.33333333333333,91.93333333333334,10.507483062168486,9.608012141701174,21.17978781501794,83.36169021766469
3782,94,84.4,89.86666666666666,6.420660105806274,6.218389590457311,12.401748606186016,23.7622039063027
3783,175,84.46666666666667,90.26666666666668,4.631892227398161,4.491041693021523,9.447427965392036,30.979254869900792
3790,700,84.6,117.43333333333334,4.301254612050331,3.9089744423177257,8.140377098770772,128.7298697959163
3792,178,84.66666666666667,91.26666666666668,10.056326790884494,10.240159934288984,18.202208462408787,67.83136940831734
3809,189,85.0,91.33333333333331,5.314590344173639,4.281048331171691,10.783097189835683,38.178456277662725
3811,84,85.03333333333333,87.8,5.774841574012388,5.6190967483747825,10.397257992048866,17.92074203469683
3813,40,85.06666666666666,86.36666666666666,4.782973219039297,4.413610491719972,7.459314442353453,7.3066001419433855
3816,2818,85.16666666666667,181.6,6.743058930810171,5.883841396274737,13.490804065668152,698.4603592731565
3829,41,85.53333333333333,86.86666666666666,5.714022581715623,5.628046761684955,8.518361244115187,8.345723391489612
3859,140,85.96666666666667,91.43333333333334,4.617753537103638,4.674986397242954,6.734502316359998,25.72668165808264
3886,186,86.36666666666666,92.7,6.060357941197809,5.935014346299845,10.793557467553747,41.14276776704473
3895,596,86.6,107.3,4.056771899516811,3.422988886217925,9.028791659203119,93.79396429615313
3902,378,86.66666666666667,99.23333333333332,4.263964700960609,3.684521307410294,8.555189428955073,57.06089534077475
3912,718,86.83333333333333,110.73333333333332,4.986247162891386,4.198566576575766,10.56947932957388,130.31108745838137
3920,134,86.93333333333334,91.43333333333334,5.619582084085909,5.385991557482182,8.994260194671753,27.450699639639872
3925,164,87.0,93.0,3.8093676608846514,3.915861639802751,6.782546834728191,24.499829895603664
3933,128,87.2,92.2,4.621705681702307,4.4359688240664,7.461129537924892,21.708477302497254
3939,154,87.26666666666667,94.06666666666666,8.802118924573335,7.83513293710399,16.5157420419617,48.687128716630866
3948,362,87.5,99.53333333333332,4.3484706848927415,3.7824847512959483,8.03337019123439,56.370553009738686
3995,46,88.53333333333333,90.03333333333333,7.182888736409103,7.238744107072813,10.92351442513333,11.467677094883106
4000,110,88.6,94.16666666666669,4.669728565040124,4.426880520524711,8.022247216350875,28.986934133409772
4002,439,88.6,103.2,4.095108713670515,3.447938446193742,7.906251552520308,64.51972764915759
4015,111,88.83333333333333,92.93333333333334,3.3139169300202953,3.046142163127869,6.770692540593689,14.394720485713727
4028,27,89.13333333333334,90.0,7.677221416278035,7.638839453175327,11.134531391933479,7.065886390429745
4038,1809,89.36666666666666,149.96666666666667,6.510784592334621,5.2612929435588764,13.80863312789256,435.08711004611524
4050,261,89.63333333333334,98.96666666666668,4.264601878613759,3.374688449120243,9.696990993330157,39.7519938734576
4059,149,90.03333333333333,96.46666666666668,3.777069717152216,3.441974284024983,7.535884236803347,23.69013885325784
4070,128,90.46666666666668,94.7,3.5034136700846488,3.228783833763793,5.600608910599909,16.3041030789301
4098,249,91.0,99.3,4.813638630754596,4.150052203522489,9.446689650193267,41.52037627509821
4108,89,91.16666666666669,94.1,2.8885295645248275,2.5028495305932785,5.323773204146386,9.773632420757503
4109,15,91.16666666666669,91.63333333333334,13.47664160632173,12.42797485889052,25.57655780579833,6.267321464825422
4118,115,91.36666666666666,99.26666666666668,4.124396345646233,3.4854551225387262,8.52738785524786,21.676636860166106
4129,405,91.6,105.06666666666666,3.8923143452557976,3.3143493644431934,8.779038828486726,56.91565232447343
4150,34,92.13333333333334,93.53333333333332,7.700708204599246,6.860903132465576,15.67295992221169,11.3445768207483
4180,341,92.6,103.93333333333334,4.200209661322302,3.582967127880559,7.99331548930458,53.47011314041665
4182,152,92.66666666666669,97.7,4.6988699081043,3.8259805856832827,9.817210573151279,24.783661450015828
4188,65,92.8,96.13333333333334,10.006172161152866,8.699025574654883,18.310553228977028,31.321063897236662
4189,43,92.8,94.63333333333334,2.534103991436314,2.4245109575971084,5.710569698133699,6.346977272273536
4198,946,93.1,124.6,3.7678120896021703,3.217361693848461,7.996586421281683,134.76482671825758
4207,370,93.36666666666666,106.03333333333332,8.004997164519056,6.6630212736081464,18.205860187102964,112.29204767233196
4212,98,93.53333333333332,101.9,0.593430426233912,0.36731910101124327,2.2980507120295646,4.141205796667979
4213,15,93.53333333333332,94.0,1.4637760068216046,1.5489159443016531,2.3274111544865854,0.6782494898030343
4216,25,93.66666666666669,94.46666666666668,4.600962703921601,4.820571489560902,6.310567809363878,3.7142581474235676
4232,311,94.06666666666666,104.63333333333334,3.4114583254709734,3.0194672643211278,7.101454871817935,40.79540115874786
4240,454,94.2,109.33333333333331,3.747017755411073,3.1762865133470988,8.524514654618924,65.32644890404504
4241,162,94.23333333333332,100.56666666666666,4.7398854618618245,3.891551370724117,10.800470993693567,34.068580504265945
4250,496,94.46666666666668,112.46666666666668,8.456167243854315,7.482797491933068,16.35658801714212,161.6839781407995
4255,164,94.6,100.16666666666669,4.6592044568428355,3.2178113264033144,11.524881097870924,28.64414763565819
4258,725,94.63333333333334,118.76666666666668,3.629027750242454,3.0460215306855574,8.161183206601244,97.85979547675083
4259,20,94.66666666666669,95.36666666666666,9.086275614462181,8.579698237335862,12.681262386688836,7.248203834894596
4286,285,95.03333333333332,104.5,4.405518243708174,3.620979253562946,9.86877923409473,45.893979649288646
4297,106,95.2,98.93333333333334,9.217600051670775,7.346574791306127,24.68753230283706,35.33086499155719
4305,286,95.4,104.9,3.96832449442894,3.2939555656862693,8.921541970706597,39.90371639891351
4319,388,95.7,108.6,4.6997456551032055,4.40577658372558,8.025666867240085,64.72457778855517
4326,185,95.8,103.86666666666666,3.2544113574143116,3.4164627140569825,5.499330619872157,23.802468005973555
4327,60,95.8,97.93333333333334,3.260926085941823,3.111556164374857,5.628039282020266,7.868335183929369
4362,164,96.86666666666666,102.6,3.7421241962521545,3.447442199879912,6.491937233209838,24.306670022954776
4370,248,97.06666666666666,108.63333333333334,3.7385362047297024,3.530712599169502,6.565832369829324,38.45259383616128
4380,548,97.9,118.16666666666669,4.006627576952575,3.594179706337759,7.696472709977072,85.48225712106237
4393,58,98.13333333333334,100.06666666666666,3.690931298919753,2.824703789678762,8.741424054915033,9.268855812627846
4394,1512,98.13333333333334,148.6,6.63516784035124,5.764436241884837,14.298811511750168,391.1556754060674
4408,36,98.4,99.56666666666666,4.007013457289026,4.066462269893177,6.385544645576768,4.950648522675532
4410,1558,98.43333333333334,150.96666666666667,4.680484318431426,3.9110381416404163,10.469065276481906,281.4824651224149
4423,116,99.06666666666666,102.9,4.609681218722046,4.482028667804821,8.577273453156652,20.343402547438682
4428,234,99.1,107.0,6.244428156353362,5.300679509421319,14.403811863775605,54.68490556575672
4431,61,99.16666666666669,101.16666666666669,4.481918961063717,3.9073916112237974,7.690149272728114,10.240038732287791
4453,66,99.53333333333332,101.8,4.275240726758971,4.155016296076844,6.057303223938064,10.88145332184543
4455,92,99.56666666666666,102.6,5.251881931517064,4.76953742460139,10.42115008004299,17.03982427997237
4457,69,99.6,103.13333333333334,1.7503772616558912,1.4965807834207057,4.358367021507834,5.134987094801344
4463,114,99.66666666666669,103.43333333333334,8.073913612008234,6.971127719638436,17.784650555511515,33.609204344577
4485,1073,100.03333333333332,137.36666666666667,4.357831203208448,3.852005502072859,8.647024815658826,180.18423526827198
4505,248,100.16666666666669,108.4,3.6883914953977546,3.209497807482652,7.718030562765273,35.42482259058067
4506,235,100.16666666666669,107.96666666666668,3.6342883448928043,3.3395156840100517,6.423073227748502,31.40247102126126
4507,27,100.16666666666669,101.03333333333332,7.060363540894004,6.227792248699368,11.175504785882275,6.265609201665538
4514,320,100.23333333333332,112.66666666666669,3.595943246924046,2.9101845865619724,8.966990637663159,48.837139037978005
4523,2376,100.36666666666666,181.6,6.920029078920168,5.555677226104972,15.733193198235279,607.4638551366556
4530,139,100.43333333333334,105.03333333333332,4.809757597553368,3.8527794260519754,8.27593082050656,26.030973155332223
4542,81,100.53333333333332,103.56666666666666,3.9352058008620094,3.2207848837256363,8.518027787506353,15.014755783814019
4550,45,100.66666666666669,102.36666666666666,9.065409336466992,7.493479035601721,19.606890505801903,17.563001873097175
4554,175,100.73333333333332,107.3,5.60906900413419,4.9848579744568715,12.165422213564135,37.85846534645662
4563,50,100.83333333333331,102.46666666666668,3.0697808463269114,2.9780336531676417,4.672930978569209,5.720832421689558
4567,89,100.86666666666666,104.93333333333334,3.7409390890243985,3.414722080299616,7.25150741660991,12.365482667885788
4576,32,100.96666666666668,102.0,5.224952995404616,3.4764900954550395,13.02430056768323,8.482172422773552
4580,60,101.0,103.6,2.3448366094379915,2.4133874879414607,3.573958160475227,5.896717583685254
4586,20,101.3,102.13333333333334,4.872411328870075,5.1634815905036415,6.798363978626576,8.412880870418954
4587,127,101.3,105.5,7.078455299210578,6.476581875333167,13.370205404903134,33.49234512054451
4593,73,101.56666666666666,105.2,2.110386496179175,2.0903404830219436,3.8444180976064413,9.904117502832836
4595,120,101.63333333333334,105.6,6.315653259015707,5.793092032978509,10.393127883737952,28.28926162925479
4603,245,101.86666666666666,110.56666666666666,6.757759446528548,6.280082453448821,13.18956594425892,69.8358090222137
4651,18,102.43333333333334,103.0,8.862796893491328,6.472299335130181,19.407320652890785,6.2449819928011125
4675,826,102.73333333333332,130.6,3.60708323520087,3.105104232105573,7.035289430503566,115.27232935648757
4687,35,103.1,104.26666666666668,5.164865156313856,5.34685718276982,9.053752400661246,7.663773671166955
4696,99,103.3,106.56666666666666,4.121408507275295,3.8607580292134207,7.102964243227705,15.683280364362183
4709,31,103.46666666666668,104.9,5.42338528766874,5.04186310930042,9.73376512197699,7.103867487172602
4715,539,103.5,121.46666666666668,4.098744080882207,3.252697183343983,11.161266630336064,85.54604818401234
4723,826,103.63333333333334,132.13333333333333,3.5101068484745643,3.1122754020612056,6.894967681060277,112.78310723594541
4747,15,104.13333333333334,104.6,8.200887422294665,2.740572790180294,23.74707287977486,6.051494698321898
4752,2299,104.26666666666668,181.6,6.3622131189701765,5.354368197247853,13.31035631010712,524.6947468218458
4755,60,104.33333333333331,107.4,6.487946681024528,6.752281666945141,12.459909271402552,17.370922750228438
4761,87,104.43333333333334,107.3,8.833498424189276,8.586468622519211,10.52641922162856,27.39675545061387
4783,2285,104.9,181.6,6.302140022229179,5.249382779029295,13.486066372422789,535.1106431172844
4787,185,104.93333333333334,111.43333333333334,3.7373039883556944,3.364118593280563,7.095526859219095,27.81288016921009
4788,324,104.93333333333334,115.7,3.180559884417793,2.934104847674224,5.821403768646635,39.776408877730766
4800,186,105.26666666666668,111.43333333333334,5.9887574889701485,5.927868480301376,10.545949238321304,41.17734043069394
4808,64,105.43333333333334,107.53333333333332,4.415649326496628,3.5441542752067345,9.723204667565021,10.639995665538938
4815,115,105.63333333333334,109.43333333333334,3.5017281084495493,3.166319023052162,6.80423445290591,15.130469592568872
4819,156,105.93333333333334,111.1,4.239428569020553,3.42682260749549,10.041565262335695,27.338013255501995
4828,20,106.4,108.16666666666669,10.547735458552458,9.188849360081925,18.935383820696057,10.519552450165973
4831,1395,106.46666666666668,152.93333333333334,3.9103362123517207,2.986108616415513,9.509355623280134,202.8449092829453
4833,1952,106.5,172.53333333333333,4.715074686136676,4.04662151905919,9.618879247510987,341.7197288245081
4834,167,106.5,112.23333333333332,7.5821482566917595,7.04659763372383,12.5661607975325,46.94063581114719
4861,103,106.9,110.63333333333334,5.640912865456514,3.8339906511727984,16.368304084822427,24.025688759857157
4862,27,106.9,107.76666666666668,9.115317342423605,8.438323302690566,12.788104608582012,9.663119869795288
4875,66,107.23333333333332,109.4,10.27395574381607,9.96058575469889,12.248854226510945,23.247219308297485
4881,45,107.43333333333334,108.9,6.490337621530476,6.549611515095298,10.944859459103924,9.73969341175752
4895,579,107.7,127.13333333333334,3.9195661886333273,3.536740533866587,7.139836895830809,86.00677379337412
4899,26,107.73333333333332,108.63333333333334,5.319546271350465,5.0008237257282335,6.932279730927989,5.05641382790012
4900,27,107.76666666666668,109.23333333333332,8.194754147032207,8.165489900874002,11.56501498834733,15.616925173060007
4905,163,108.03333333333332,113.6,3.135662594446016,2.632814378263075,6.925676316318304,20.802392801911832
4909,82,108.06666666666666,111.5,2.9471197920744685,2.8954836205697188,5.023347911917981,9.740566849528406
4924,130,108.36666666666666,112.9,5.494142208980489,5.351097651080886,9.556718118717596,27.783804812941373
4943,765,108.6,134.06666666666666,4.16741621373149,3.749535739384316,7.677064287119717,118.9620060627476
4964,60,108.9,111.76666666666668,6.61800815281128,5.9467523514288025,11.797576541291305,15.915487489160693
4965,95,108.9,112.33333333333331,6.279358886833947,3.60907151636565,20.6063178884393,27.804566502499327
4979,780,109.56666666666666,135.53333333333333,4.21069699900146,3.941851361133552,7.678065075175463,123.38065893301409
4991,149,109.93333333333334,124.46666666666668,0.7258753718252179,0.26122097764136776,2.3914569793609255,7.028312641402722
5004,133,110.16666666666669,116.7,8.16347743188075,6.500549883886343,16.47551833172458,44.78283572271617
5009,35,110.3,111.93333333333334,6.942132927687565,6.098654772127964,13.582954388352059,9.682037564305103
5014,58,110.46666666666668,112.36666666666666,2.5983718891757004,2.344373483466174,4.619445037745533,5.801419763223954
5026,86,110.93333333333334,113.76666666666668,3.581085052745876,3.2986784742094724,6.148136489654731,12.534768175404658
5027,85,110.96666666666668,114.03333333333332,6.5127667427101805,5.699412365721602,13.419691623806274,22.60273265356986
5037,1411,111.5,158.6,5.0432210864008296,4.163689825831524,11.020780048731138,265.7525208925081
5038,27,111.5,113.16666666666669,8.422288876721396,9.558892679227313,12.739923084643301,8.612233009717151
5067,63,112.23333333333332,114.3,6.579575482841742,7.425187088847093,9.276750002789422,16.7009451049117
5068,529,112.23333333333332,131.93333333333334,4.15525909671623,3.48160412978159,6.906865835072829,91.63115711498038
5069,175,112.3,118.1,4.453360993185563,3.211767050641245,13.574460446132502,31.659608174428396
5071,21,112.46666666666668,113.13333333333334,6.019651907299893,5.313391186591761,9.801322282419786,4.455961199656479
5075,91,112.8,115.8,6.957561140630655,5.822953224199911,20.39194406658096,22.71193982375314
5089,74,113.13333333333334,115.56666666666666,5.0308089251712165,4.8090833967465105,7.998900249263986,14.332485255549853
5116,121,113.46666666666668,117.56666666666666,6.325377163159689,5.390905244281789,11.466774592180718,29.85986979615114
5120,1304,113.5,156.93333333333334,4.639908451583596,4.155751985855883,9.331868604701967,225.48002175722988
5125,160,113.6,118.9,6.132790237525407,5.929244754809899,10.625798911026306,38.50398292556461
5140,251,113.96666666666668,123.43333333333334,5.185440789877901,5.200291771316225,8.411675459030686,52.91818367386811
5153,615,114.13333333333334,135.4,5.124364194210493,4.965187264956412,8.682548361159798,119.10709016050295
5160,948,114.23333333333332,145.86666666666667,9.021656294249084,7.989692677124468,17.442374647201753,327.68586751331554
5168,30,114.3,115.26666666666668,8.427250903869046,8.387084583714156,12.227222519820048,8.823163982015286
5173,131,114.36666666666666,120.23333333333332,6.875718478294862,6.579770764430026,9.500935387280858,40.31521765148349
5175,71,114.4,116.76666666666668,6.755676613044202,6.04245614472105,11.74190486750577,18.892006259676712
5181,465,114.56666666666666,130.9,6.384399584554935,6.116843941996381,11.312173699066687,114.93910591985635
5189,2004,114.83333333333331,181.6,7.6645261163646214,6.267049263332827,16.901773274096474,556.7587689847073
5192,41,114.9,116.46666666666668,4.010674501705957,3.9337778472097953,5.72915433038434,6.473143691188233
5211,170,115.23333333333332,122.0,3.530720895965249,3.203237029311807,5.922713208081725,24.472050761734227
5212,391,115.23333333333332,128.23333333333332,2.9926769433701446,2.6943163842962496,5.326730894491668,46.41582413876876
5226,173,115.63333333333334,121.76666666666668,3.1305725843653636,2.979509795893244,5.049098145471901,20.581070620986885
5235,170,115.83333333333331,122.56666666666666,5.518081195154118,5.459886839425594,7.066442621486523,38.90399457723813
5237,49,115.86666666666666,117.46666666666668,5.805446094574519,5.009983571778465,11.078901708538524,10.254185080165637
5246,15,116.33333333333331,116.9,8.942252474614978,8.770044898980448,10.629245307381238,5.094375534828829
5250,51,116.56666666666666,118.3,7.92660715796184,7.750849739688772,12.153656565812156,15.094919373169956
5267,62,117.1,119.13333333333334,2.9086559705741384,3.0150615281716195,4.621765353858293,7.821223948024825
5272,248,117.46666666666668,126.9,2.820272342041796,2.7377866703558666,4.840006384556218,30.243695009453276
5274,81,117.56666666666666,121.03333333333332,6.783061335992471,5.992278627656493,10.845625954785715,25.61038908124017
5278,15,117.73333333333332,118.2,2.835882657498914,3.0663015429570373,3.602182221650152,1.633231640653449
5297,60,118.6,120.66666666666669,4.261054781459261,3.9349272267712037,7.3306216952073475,14.845783398982158
5303,26,118.66666666666669,119.5,2.949400046260912,2.5735327756547894,4.5476053871233155,2.569409747833243
5309,155,118.8,123.93333333333334,6.202354327404226,6.066470465995149,7.795341896731102,35.18134963409379
5317,46,119.03333333333332,120.6,9.03083096518327,9.31727480027083,14.870231805386187,16.15053607516036
5327,174,119.16666666666669,124.93333333333334,7.660234681459849,7.852422475797345,13.046877740626128,52.82915323475968
5329,35,119.2,120.43333333333334,6.169402275842619,5.432307983473566,10.778317699785655,9.648854408127379
5330,183,119.2,125.26666666666668,3.934970313935683,3.3879173344393223,7.707138511136554,26.875319317422463
5332,82,119.33333333333331,122.03333333333332,3.807051823682556,3.515151313784939,9.70567886990348,12.846092260526232
5357,428,120.33333333333331,134.6,4.163517238464707,3.792022105744949,7.9543028518306675,67.23799194296761
5387,257,121.5,130.03333333333333,3.1347829082113168,2.834703457075594,5.951031625295778,32.022839796010985
5389,504,121.53333333333332,138.6,5.495090688832567,4.162916748788481,11.448971670872059,106.20824600688258
5402,1786,121.93333333333334,181.6,5.4703468836881735,4.71677999075635,10.848410736026382,361.6689374708646
5417,73,122.36666666666666,126.33333333333331,3.0832614353587546,2.6206174546869576,6.1605532513282295,10.190260493499656
5449,148,123.5,128.83333333333334,6.547517335032932,6.23343138891533,12.883579496898593,38.04872833429325
5454,127,123.56666666666666,128.23333333333332,3.837989493199007,3.3510409244363606,8.046027885635128,20.281278880178284
5455,45,123.56666666666666,125.36666666666666,12.56204738912314,11.639749428143977,24.908940706590776,23.124557033854973
5463,77,123.73333333333332,126.26666666666668,10.707998832015297,10.617816780136009,18.959081841885784,31.73018796523599
5470,393,124.0,137.06666666666666,4.3680669454782635,3.847466753341166,8.196967290145718,63.73133490115473
5515,89,125.3,128.53333333333333,6.609195910595376,5.767822974699984,14.744540641727982,28.16799087527542
5521,274,125.36666666666666,136.56666666666666,7.05089073780618,5.923899859787188,17.285463285670186,81.94147154275608
5523,192,125.43333333333334,131.8,3.807723778110708,3.691182435835336,6.835789295010636,27.385548988212484
5533,449,125.83333333333331,141.56666666666666,5.127463625643459,4.227298322421744,11.179274007259272,91.51339894509954
5536,495,125.86666666666666,143.0,3.9727946166928327,3.325834502912668,8.485934181271633,78.25453119519383
5561,166,126.16666666666669,131.7,3.811597136164902,3.7230567610814305,7.086650860047548,23.908838387580776
5568,1661,126.23333333333332,181.6,7.0703280743390335,5.858301504944775,15.46707438207597,444.215132446534
5576,135,126.53333333333332,132.0,3.1976569925113565,3.295155914712727,5.145107906440052,17.54446657481835
5578,72,126.6,129.1,2.1010428272873343,1.7728502302257838,4.096412447293565,6.061273172314971
5597,67,127.2,131.4,8.526313137218537,8.37676650621373,13.905205717243344,29.50538391472706
5598,58,127.23333333333332,130.96666666666667,0.4391954723577726,0.2993116483603866,1.7844219059363058,1.4234964826105196
5626,112,128.03333333333333,131.73333333333332,4.31504551890554,4.450992494979001,8.144538739723746,17.8390569508323
5648,47,128.6,132.03333333333333,5.095537882029435,4.722686974004284,13.484650214337561,12.542815725835455
5665,46,129.06666666666666,132.8,4.233194066491586,4.141857805134691,6.888699384350101,9.933868946078146
5667,312,129.1,139.56666666666666,3.827932356946417,3.615137715117715,6.862300381437319,43.52206938663296
5671,376,129.13333333333333,144.6,4.385019148173342,4.118512419950139,7.308644841336975,65.92494356297473
5672,21,129.16666666666666,129.83333333333334,6.026150568669221,5.393053826013672,10.213120821215373,4.168033048577278
5674,167,129.3,134.83333333333334,2.4017810554157677,2.2221180329145582,4.08706443415392,14.9108478066325
5676,16,129.46666666666667,131.0,1.1168208482691897,1.06006158256364,1.8366362298434475,0.903083827201782
5686,116,129.9,134.13333333333333,6.3754238825210106,5.236656627994696,12.853552305008785,31.808439149606762
5698,80,130.33333333333334,134.13333333333333,6.788666173364892,6.335136906451228,13.83299490090906,22.28546318266918
5704,17,130.53333333333333,131.06666666666666,7.8845188356441085,7.713176364733453,11.451895218801575,4.9198713063411175
5706,607,130.66666666666666,151.5,4.545445495545723,3.660159378830476,9.122745973458594,103.11539938300068
5707,18,130.73333333333332,131.3,3.4304488581834898,3.684940445671857,4.759963575153961,2.7495383429803013
5721,84,131.43333333333334,134.2,5.453192203551502,5.232866972642695,8.961665044407804,17.919812253264617
5729,53,131.56666666666666,133.5,13.616401788296272,12.758831149536721,22.201972148580477,28.2434920648814
5738,54,131.96666666666667,133.86666666666667,16.22527083211944,17.087239927813197,24.68855938527759,29.988753293499155
5746,47,132.16666666666666,133.7,12.837091281481872,12.722082108022752,21.457589025517063,22.009774422661597
5762,73,132.6,135.3,3.4527404039646963,2.8662463046818125,6.661316570092828,9.464229289889925
5763,19,132.7,133.8,13.036978860875493,10.313851427577859,24.169784326220956,13.038440165938118
5771,275,133.06666666666666,142.43333333333334,7.48616685342862,7.25489549211233,13.517461122144597,78.74317552403907
5776,309,133.2,145.26666666666668,8.642616357547704,7.50204074117692,17.7957331300131,104.03704602331277
5802,34,134.36666666666667,135.46666666666667,4.603504821283494,3.48307944754852,10.775772333353052,6.609963642792161
5828,38,134.93333333333334,136.16666666666666,3.8137210241778594,1.9314566847119528,15.048738856404402,5.611979774735032
5829,31,134.93333333333334,136.03333333333333,3.8357259402293726,3.4163363380189296,10.024448696793176,4.5147450984503505
5833,51,135.03333333333333,136.7,3.3690286476476943,2.9096507016066036,6.413403950128213,6.471614007878668
5841,46,135.3,136.86666666666667,4.526614614182369,4.252634806023874,7.865017441101957,7.058294941049001
5842,55,135.33333333333334,137.76666666666668,9.564731780691822,7.957162380750386,23.090564522307066,21.006970204770255
5870,622,136.0,157.13333333333333,7.023638721408205,5.4830385679483005,16.02966621921583,160.73721010432567
5871,403,136.03333333333333,149.43333333333334,4.713891521784112,3.915891924581287,9.818985617165332,71.05099276543909
5872,27,136.03333333333333,137.0,4.270483149911961,3.6386502518701924,8.686851708252316,5.227956055345836
5876,28,136.1,137.1,2.9299291454335856,3.0108511028730054,4.536065571677033,3.0157721875010517
5893,216,136.4,143.9,4.740710116940799,4.194444280949995,10.166681259834338,37.04244039242678
5904,27,136.73333333333332,137.66666666666666,7.698872081615125,7.7659774236233075,8.907308014177872,7.281020803911972
5906,1343,136.8,181.6,6.4704097330347174,5.193946088125665,14.731761792476307,325.7074877859852
5907,102,136.86666666666667,140.23333333333332,3.5419614914353974,3.2803177106500234,6.23306044857027,14.07393366881947
5908,136,136.93333333333334,143.16666666666666,5.1996522002849055,4.394215756927276,10.03695551779425,28.305487127788226
5909,180,137.1,143.06666666666666,4.029921398020853,3.9213868567680867,7.248229702830089,28.021028926727478
5914,372,137.6,149.96666666666667,5.567595966596648,4.319544013378953,12.242713100703067,79.05611935079243
5916,720,137.63333333333333,162.13333333333333,7.260968356715003,6.06206201051844,13.879715063400058,188.05670832321778
5921,56,138.0,139.96666666666667,2.212347661277565,2.1105120881810335,3.646040006595702,4.927892176032351
5925,646,138.23333333333332,160.23333333333332,5.0798090261924225,4.266549372002844,11.237361333432588,123.7474498843952
5933,209,138.36666666666667,145.3,16.77872011269524,12.902983964000125,41.090856795892776,120.7885291807371
5944,57,138.8,140.73333333333332,0.5413807941885085,0.34507546020968805,2.1320202960639945,1.063569381735952
5956,955,138.96666666666667,173.66666666666666,4.613864662366759,3.741417081671602,10.434731277563207,176.70780456181006
5958,1277,139.03333333333333,181.6,5.796689058151794,4.738472775946056,12.494182751324065,270.74999112900423
5964,749,139.33333333333334,164.3,5.225356703211235,4.150136783894271,11.368621374087718,139.59437824048737
5966,141,139.4,144.06666666666666,3.793760937280744,3.229867687152757,8.329040989438825,19.141912295950867
5967,152,139.4,144.43333333333334,6.043611000714541,4.3945409591537485,16.471297390255863,34.21310754904808
5972,16,139.8,140.3,2.4662085253016106,2.4326992678546615,3.296424318508359,1.7574027773080552
5978,122,140.2,144.7,4.385967638531384,4.293280920701241,7.421352397014548,20.635061187273198
6004,204,140.76666666666668,147.93333333333334,4.7244858166946635,4.2076127020473315,9.6747270339453,39.06424893381092
6015,73,141.56666666666666,143.96666666666667,5.393092841938302,4.979938968231269,10.31717109272183,14.117963333690655
6023,200,141.9,148.7,4.829573259568408,4.132264690462071,9.040438239176796,37.331210920660325
6026,86,142.16666666666666,145.0,9.239398519178371,8.91515873969854,15.329747174920692,33.331904837988795
6037,269,143.0,151.96666666666667,6.7828253080501995,4.7809131031267365,14.751929300690204,64.15259592085712
6043,234,143.46666666666667,151.33333333333334,4.784325203470175,3.7579421824082684,10.76424958459544,40.68820373940977
6050,207,143.56666666666666,150.43333333333334,5.042739042861419,4.2105308889858595,12.548189770876343,37.79658431877672
6056,734,143.63333333333333,169.23333333333332,5.766494127751612,4.716185237182896,13.2340077395803,152.84299138696832
6065,52,143.86666666666667,145.56666666666666,21.80002194882602,22.74015193724687,33.02100904922166,37.27913687961408
6066,867,144.03333333333333,173.33333333333334,4.595575912286078,3.580638367369768,9.889071837832805,146.27211645440502
6087,975,144.7,180.2333333333333,5.522702070587858,4.880808334801969,9.931610692177955,204.65795826228214
6095,763,145.03333333333333,170.43333333333334,6.93092753210284,5.830259289191962,13.829465623181148,190.6744883868482
6097,77,145.26666666666668,147.8,4.15638004963443,3.930002212392739,7.833557610386204,11.7773530445116
6105,97,145.86666666666667,149.36666666666667,21.087266123853883,23.05075145878028,35.45876443034836,82.84175146375216
6112,78,146.03333333333333,148.6,8.661458661518711,8.273029928690995,17.48819494301522,25.42229800969682
6117,36,146.3,147.46666666666667,3.2549288842363784,2.841935844849673,4.66593519787289,4.234943129542772
6123,47,146.6,150.63333333333333,12.099130630335937,7.805748172312088,31.846350176135825,22.35976973349303
6130,39,146.96666666666667,148.23333333333332,8.600946543026295,8.468122288654229,17.24986188953953,15.347886673639561
6151,167,148.06666666666666,154.96666666666667,7.946368829602748,6.215320917940856,22.02365848036334,53.52226685217507
6152,37,148.16666666666666,149.43333333333334,14.882974002292949,14.056813983521895,25.440743551158143,19.582869343723733
6155,67,148.6,150.86666666666667,6.82769426681951,5.5247299586136895,17.63181665697792,15.977849944927677
6160,29,148.7,149.63333333333333,23.504502716672665,13.962446829961488,76.4704164987697,23.390923300086836
6161,29,148.7,149.63333333333333,18.16001469727309,11.565513622492954,50.710103097569856,19.17993636016826
6164,15,149.0,149.46666666666667,22.109983317819648,23.654424358183572,30.896505079675126,11.179799170108671
6193,937,149.83333333333334,181.6,8.419443551873792,7.734268449944812,18.947337592218183,296.9447452300416
6196,35,149.93333333333334,151.6,5.5507267775559335,4.592382633398764,13.993569303673592,8.857123964214814
6200,106,150.03333333333333,153.53333333333333,6.421759697173104,6.505517250486157,9.178072128247774,23.69137366318621
6204,947,150.06666666666666,181.6,10.558059148154033,8.830303137740188,22.353028638696266,360.1278303777932
6212,38,150.2,153.23333333333332,9.031091963429985,7.61071979935446,15.830524440232763,20.22188754101667
6216,939,150.3,181.6,12.816428159371899,11.20260846730629,25.203120993480375,444.70460341440565
6221,77,150.4,153.2,6.2452713090457275,6.187826318437611,10.965740379181614,18.469546992337918
6244,238,150.76666666666668,158.66666666666666,4.070268969224809,3.735379539653282,8.476764121028227,35.73860520842274
6253,142,150.9,155.6,6.372295984396898,5.622366010666097,11.666893997297636,32.1373469926015
6256,17,150.96666666666667,151.5,7.904830178421537,8.734272416201515,9.199519524604677,4.365801594357884
6258,521,151.03333333333333,168.43333333333334,4.2044425147838504,3.773724936286638,8.788426752762767,83.8460051333397
6261,644,151.13333333333333,173.93333333333334,9.535762277471562,8.381751570609843,19.618290729372966,227.8349736646475
6268,707,151.53333333333333,175.36666666666667,8.891910759038273,7.7093639263005995,18.867164713752498,229.82351462071856
6275,52,151.7,154.36666666666667,14.110088638521574,12.509401460482298,29.39428574046034,45.74743432108208
6287,260,151.93333333333334,160.63333333333333,5.580295734572297,4.859507333060476,10.391874753790498,53.1062612494294
6291,168,151.96666666666667,157.86666666666667,5.096020856527895,4.659477245672413,9.507474336618857,30.92021164386878
6293,70,152.06666666666666,154.6,6.981012956471793,6.6296277112665125,12.478903067497372,20.000813101532994
6297,95,152.13333333333333,155.26666666666668,5.655794239021257,5.085594936474726,11.16911986845286,18.964409272636704
6298,123,152.16666666666666,156.3,7.570466163008819,7.356407805387003,14.80701601761167,33.18512991187365
6299,62,152.23333333333332,154.26666666666668,6.937911573326233,6.655876627595615,11.019126904986354,14.470036324257583
6301,81,152.7,155.4,6.802815815635635,5.808635265108304,12.980933092052428,19.843720570541247
6304,587,153.2,172.83333333333334,4.82444033212297,4.211012500830664,9.628346242109247,101.5501635376649
6309,103,153.9,157.7,5.779851308347043,4.31587552871059,11.318941293157787,23.028087321695995
6316,132,154.33333333333334,158.7,4.426404352129982,4.123452344833344,8.621516191698728,22.857470408600392
6321,57,154.5,156.53333333333333,5.109797667262205,4.882316828918337,8.90613372725043,12.78119970648351
6349,57,155.76666666666668,158.03333333333333,5.040323653718796,4.783430408440858,8.79248115665952,10.8542581452849
6357,762,155.93333333333334,181.6,4.838630807670969,4.464662724174915,8.986373469890557,130.7523521232828
6363,482,156.13333333333333,173.63333333333333,12.036017701516657,10.841638042443105,22.664636637401415,229.28078145840522
6366,58,156.2,158.86666666666667,12.036780528968976,10.915831265521271,19.110832448576183,37.61676792185772
6371,35,156.36666666666667,158.0,12.887175733403643,11.380965276678527,19.52257051898884,22.508081616096405
6373,67,156.4,159.1,12.726891286186012,6.628040745185379,43.09315212964582,37.774732779249206
6386,210,156.83333333333334,163.8,4.231944657275711,3.7192532377482443,8.75818703398884,31.93314105805949
6394,537,157.03333333333333,174.9,4.522843965747493,4.133201310040922,8.723668235766647,88.30043372956361
6402,17,157.93333333333334,158.5,4.256449617381086,4.296434654105399,4.982203741730446,2.9011442164429786
6405,67,158.4,161.23333333333332,6.941969792311707,7.371799541345242,9.986555781782616,19.78743753684003
6407,167,158.43333333333334,164.0,5.347443879959959,4.927746224730776,10.295175318201029,32.20277508151498
6408,119,158.6,163.66666666666666,2.0485042905337587,1.8134111400648263,4.5312797943791905,12.82095072028435
6420,166,159.53333333333333,166.13333333333333,3.9258432677945354,3.745348637978459,7.794871909753268,25.505141729783272
6422,211,159.6,168.2,3.488645355674099,3.1767631301367105,7.2344377698357025,29.183973157436288
6429,152,160.23333333333332,168.5,11.39659242997125,9.902061554140072,20.67364765216947,86.09980513357037
6443,541,160.56666666666666,178.7,6.394741327861216,5.722289247365632,12.518449902967385,124.48411951652334
6460,29,161.3,162.86666666666667,2.941297381938795,3.001006054254261,5.394824345530448,3.5845307238790514
6463,34,161.43333333333334,165.36666666666667,3.223122492878424,2.9803060688411813,5.725908806165887,6.483635904421923
6464,65,161.5,163.63333333333333,4.391508484574323,4.088449780407126,6.651685238203618,11.483179609239723
6469,564,162.2,181.6,5.589693369255286,4.621244699676494,11.169917742727705,117.45178613485345
6472,38,162.56666666666666,163.8,5.165299594942839,4.653339032064331,7.3511509558835835,6.776707621846964
6476,49,162.73333333333332,164.43333333333334,4.414032218063187,4.425683590601766,7.706941268701625,8.991990807551346
6477,26,162.73333333333332,163.7,4.72354751259209,3.9464375366493023,9.48232184561309,5.085171901893721
6483,77,162.9,167.76666666666668,4.001727057969104,3.4441602028839355,6.912509066388104,23.926397077538674
6486,44,163.1,164.53333333333333,6.614385008309111,6.842811434514671,8.372085603874726,10.300742162183742
6494,67,163.53333333333333,165.9,3.8083581317529456,3.7735863074527023,5.488618158409654,9.827634267280821
6496,131,163.6,168.0,7.553383435232963,7.35626260023615,13.839124868826463,38.05515149912277
6512,282,164.63333333333333,174.7,6.103299853376786,4.735594385286692,14.182700546498532,67.76072407815336
6528,82,165.46666666666667,168.56666666666666,4.63449196409601,4.436200357470264,6.855615651456118,16.922348003693767
6542,36,165.9,167.06666666666666,6.309249255401102,6.232248479705017,10.141068231212115,8.54371218201726
6569,89,167.0,170.76666666666668,4.39326843775263,4.27998656229973,8.049509524539584,16.227023835573412
6575,76,167.13333333333333,170.03333333333333,3.77763388832618,3.6970598872336873,6.0522135205000795,11.288678377104164
6589,123,167.43333333333334,171.5,3.2358498787510688,2.91000839505793,5.891766650730584,14.288100842167946
6593,15,167.46666666666667,167.93333333333334,4.969056651105927,5.138274623191378,6.358984701129055,4.965259522624921
6594,73,167.5,170.3,6.876047249736297,5.58963142622977,14.6864873850435,20.18367011981475
6600,63,167.66666666666666,171.0,4.426267171461308,3.977909437123837,8.1251896197597,14.2246083197638
6608,97,168.13333333333333,171.33333333333334,4.049147286493239,3.918419564854097,6.399501743093383,13.697251691388326
6626,59,168.43333333333334,170.73333333333332,7.704186097319816,6.24677295211032,15.971510504557063,18.129500483265915
6629,54,168.5,170.26666666666668,4.928139514672949,4.72319157433464,7.698748832677789,9.311048415755165
6633,106,168.93333333333334,172.43333333333334,7.827554945093409,7.207646873545038,14.16883213016915,29.551826511636392
6650,61,169.3,171.3,5.277857051889604,5.0820569165918625,9.085813341339472,12.294933644494654
6656,156,169.36666666666667,174.53333333333333,5.589963690643786,4.8044006675908655,11.78230716049482,30.638512366006573
6672,163,169.56666666666666,175.4,4.4847175683414,4.352627866826154,6.442470067962498,27.555939153005973
6679,102,169.63333333333333,173.0,5.1289212811240805,4.384045530945848,9.798960726768462,19.053877310229513
6681,202,169.7,177.23333333333332,4.438375084747666,3.9931205375171697,7.697189277408596,33.54286777130366
6688,33,169.83333333333334,170.9,4.379843269646597,3.9785441333117717,6.614937372827667,5.518015871249598
6690,92,169.86666666666667,173.0,4.189169235900502,3.5593436552747173,8.084563437539547,13.947500694651882
6695,182,170.03333333333333,176.26666666666668,7.543432352834506,6.882897652600533,15.073080872713726,56.17175525950111
6703,18,170.36666666666667,170.93333333333334,3.3892332915178063,3.4690319009796893,3.8701506646550876,2.019398945022266
6705,245,170.53333333333333,178.66666666666666,3.612092251482654,3.3094256197099248,6.728248570423422,32.7482080088049
6719,24,170.76666666666668,171.53333333333333,6.458266879486529,6.069546751558306,8.199772777403602,5.402558283213872
6725,162,170.86666666666667,176.56666666666666,4.307076670429339,3.787750167797812,6.754137577197228,30.000915586592935
6726,124,170.86666666666667,175.23333333333332,7.263735592957607,6.6947624459487916,12.426237670937885,32.60274599809171
6732,25,171.56666666666666,172.36666666666667,9.29719103747819,9.277378351829459,13.616483444351047,7.239360963925206
6733,294,171.56666666666666,181.6,4.397141159251311,4.108274076395691,8.236071866380323,45.65739555171078
6737,85,171.83333333333334,175.03333333333333,3.367998294605451,3.333059275197793,4.869574577438079,11.093487061730817
6752,230,172.7,180.36666666666667,3.2402729236283965,2.99070480442079,5.917543871479338,29.0910889448957
6758,82,172.93333333333334,175.8,10.161854711910914,8.591475085063596,19.052446855697962,28.567554889620812
6760,254,173.06666666666666,181.6,4.613775110782661,3.7401104504632756,9.437022776298747,43.74634267949133
6766,178,173.16666666666666,179.4,4.7854307798765765,3.793882155048288,14.425534694740948,35.62455727508965
6782,241,173.6,181.6,3.6720521100992274,3.176989467381767,7.590093398153701,32.42559497711245
6785,216,173.76666666666668,181.2333333333333,3.6576209682717127,3.5395410809373047,6.932853859455315,29.847291474285843
6797,35,174.0,175.73333333333332,10.047781946953366,9.48921333359473,15.005781960234438,16.969973205736512
6802,223,174.2,181.6,4.3680381541915265,3.851248332849875,9.373445701630759,35.95407313036376
6821,187,174.63333333333333,180.8333333333333,4.931695556097684,4.305619035220849,8.561488164808024,34.438416670216895
6832,161,175.0,180.3333333333333,4.122440752704053,3.8289492676641075,6.971539709359222,25.375415087584358
6850,110,175.5,179.13333333333333,4.52675242074909,4.15965964008422,8.864770695462923,21.12163292567518
6855,56,175.7,177.53333333333333,8.772886855127467,6.114834992452387,26.455160915989687,18.06764575513651
6884,26,176.4,177.26666666666668,8.796983747199874,8.244079520584418,11.753563812449626,7.7335508531207795
6895,136,176.6,181.6,8.710915261554774,8.934365400218091,15.070097877688308,50.18560393708157
6900,138,176.66666666666666,181.5,9.61958830557844,8.808387223952852,16.350739016551813,55.69049167312061
6908,144,176.83333333333334,181.6,4.757789313864064,4.214364599778847,8.506311652478317,25.142499276715363
6915,22,176.9,178.5,7.1270179033796754,6.878289703679572,14.168463373253118,10.798192803423028
6931,32,177.13333333333333,178.53333333333333,12.33659739967513,12.24023934061863,17.23294238903583,21.251413034992385
6938,104,177.2,180.9333333333333,7.858281463232829,6.625145142932762,14.41172306447412,33.348464850761296
6947,129,177.33333333333334,181.6,4.968056876105489,4.68916366951654,9.442598393699942,23.781355116974975
6952,21,177.46666666666667,178.5,4.622149719428931,4.1129034774122815,6.4307660199068355,5.984365513939508
6965,120,177.63333333333333,181.6,5.011239838882828,4.7578247498479875,10.096982575780837,20.934498867810856
6967,85,177.63333333333333,180.53333333333333,9.380179494818394,7.744261377768646,21.115992614991296,27.61132726001656
6991,90,178.3,181.6,11.533313794310942,9.189365987285605,29.347075776685912,37.5437361948444
6992,19,178.4,179.0,6.4226067563837885,6.5152471051414835,12.299447537667223,4.703336576102849
6996,90,178.63333333333333,181.6,3.4357053621889695,2.920257494133728,6.548488379081421,11.326185757750515
6998,80,178.7,181.6,4.225871534915587,3.4129730883041884,9.263103951355681,15.226525228695328
7006,67,179.0,181.2,3.3779442773077917,2.5511176727789437,7.341024788703819,7.879217003468032
7009,77,179.06666666666666,181.6,7.283971516919321,6.4404943779809996,13.71480819267301,19.877741075984215
7014,62,179.2,181.6,4.457571584746897,3.870625818267759,8.868086749245824,12.51533878245272
7016,71,179.23333333333332,181.6,10.2260188343007,6.867917596701884,25.740938297431978,26.174212130525905
7041,47,180.06666666666666,181.6,9.340900387396143,6.460029587006199,19.245383700446986,15.297468253130553
7047,39,180.3333333333333,181.6,4.627224556759695,4.318726386633482,7.887958710559113,6.083582821557225
7050,36,180.4333333333333,181.6,6.461465167894697,5.196482376830893,12.35124959648644,8.40295948152948
7056,15,180.63333333333333,181.13333333333333,27.280246334439642,27.464504845654588,36.81846097324729,13.63590685215015
