track_id,start_frame,end_frame,n_obs,mean_conf
1,0,437,433,0.7543248976075346
2,0,1992,1993,0.59544661197002
3,0,1679,1660,0.4439133977315512
4,0,1635,1623,0.5879982920686037
5,0,35,33,0.546823212594697
6,0,1763,1713,0.5941716877257552
7,0,18,19,0.4902407997532895
8,0,324,290,0.6126902613146552
9,0,378,367,0.6667956110567098
10,0,1034,1032,0.5798684053642805
11,0,1733,1723,0.497152708189749
12,0,95,82,0.5219473489900914
13,0,613,436,0.6136684592710723
14,0,80,80,0.6639556884765625
15,0,748,727,0.5115859334701685
16,0,114,92,0.4647362750509511
17,0,32,32,0.3731117248535156
18,0,814,788,0.5851073289280615
19,0,9,10,0.4077880859375
20,0,833,816,0.4236435983695236
21,0,110,90,0.3387539333767361
22,0,373,374,0.6763795250877339
23,0,715,716,0.40132149637744413
24,0,606,589,0.5665817908398769
25,0,124,125,0.313283203125
26,0,34,35,0.47650146484375
27,0,168,166,0.25511187817676956
28,0,265,266,0.3753994819813205
29,0,8,9,0.2595621744791667
30,0,1106,1057,0.37626597423427155
31,0,174,175,0.3445751953125
32,0,320,266,0.5731790872444784
33,0,539,500,0.3872535400390625
34,0,1025,998,0.43353179748168214
35,0,36,37,0.2839421452702703
36,0,474,436,0.3311182424562787
37,0,308,309,0.2861650090387338
38,0,36,4,0.23651123046875
39,0,7,8,0.26583099365234375
40,0,229,217,0.5420810681883641
41,0,147,139,0.3155802994323291
45,3,166,161,0.6235465292604814
47,4,228,72,0.4042154947916667
68,11,649,634,0.48112415590496843
74,13,148,136,0.30307455623851104
85,19,21,3,0.3270670572916667
94,24,138,96,0.3509521484375
116,32,135,86,0.2831577034883721
122,34,1212,1137,0.5589636112370823
129,44,157,114,0.6941678231222588
133,51,76,16,0.19801712036132812
141,58,66,9,0.2524278428819444
147,68,71,4,0.2601318359375
148,69,242,133,0.20258807418937969
161,89,138,50,0.2302685546875
166,97,361,243,0.5065420645254629
172,116,247,35,0.2985595703125
180,122,143,19,0.5585295024671053
182,122,129,8,0.2466278076171875
188,130,202,73,0.3370311162243151
191,137,227,74,0.23618378510346283
194,144,280,137,0.4566302891195255
196,148,215,68,0.5547664866727942
200,154,655,409,0.6099695331601467
203,155,484,299,0.5010590314067725
206,157,193,37,0.19046597867398649
210,167,228,28,0.4135654994419643
217,181,1846,1649,0.3453294003349568
219,184,1059,869,0.4381710355383343
223,187,331,93,0.22777664020497312
236,200,333,134,0.6778236503031716
238,201,349,148,0.5655567066089527
241,204,368,165,0.5579552852746212
246,207,341,118,0.2590011338056144
258,218,584,285,0.24764318633497806
267,224,378,141,0.30447366051640073
270,226,259,34,0.47076416015625
295,244,250,7,0.23468889508928573
317,261,441,150,0.36455403645833334
329,272,273,2,0.338134765625
332,275,1038,733,0.45887179719474763
337,277,281,5,0.3201171875
342,283,639,313,0.2943536435453275
349,295,508,206,0.5185617983919902
354,300,454,146,0.2123714081228596
356,304,333,15,0.3472819010416667
358,308,311,4,0.287872314453125
384,331,388,57,0.42986525150767546
396,345,510,162,0.6454520519868827
406,359,1053,672,0.443439937773205
408,366,620,219,0.4580418138199201
411,376,424,48,0.3445281982421875
428,385,750,359,0.5489709370647632
431,387,426,40,0.444403076171875
440,396,412,17,0.24613683363970587
459,406,573,80,0.43304595947265623
465,408,632,201,0.428251807369403
468,408,409,2,0.218017578125
471,412,524,113,0.2561024353567478
472,412,432,21,0.21754673549107142
477,414,416,3,0.22098795572916666
502,432,900,444,0.5787348016962275
505,434,495,62,0.4996830109627016
515,440,525,86,0.2795963730922965
533,457,603,109,0.6304147702838303
541,463,470,8,0.2939605712890625
562,472,640,167,0.5358331189184131
566,474,1035,535,0.4709538825204439
588,498,636,133,0.438785409568844
607,509,660,151,0.5631305618791391
613,511,667,157,0.44372869600915604
631,520,670,79,0.5117875111253956
632,520,542,23,0.37740160071331524
638,522,630,45,0.4113226996527778
646,530,882,320,0.31153526306152346
647,530,655,119,0.284408954011292
652,533,642,110,0.28249067826704544
661,538,2542,1972,0.36958647257899657
664,541,801,261,0.24751299277119254
704,559,598,40,0.23442230224609376
712,566,607,42,0.21620396205357142
720,570,679,109,0.5865153741399083
726,575,612,33,0.24702592329545456
728,576,1325,707,0.5541227305626768
732,578,750,165,0.3021255030776515
759,591,712,122,0.21066384237320696
761,594,645,52,0.4701725886418269
773,598,1269,604,0.4286284794081126
774,598,614,16,0.27193450927734375
804,617,666,50,0.6186083984375
806,618,628,11,0.1814242276278409
809,620,664,43,0.45091070130813954
813,623,1052,426,0.4503288448136737
823,630,708,78,0.40589161408253205
831,641,894,253,0.45761506453804346
832,645,892,248,0.2412439161731351
834,646,724,54,0.20829377350983797
847,656,732,76,0.5444753546463815
849,658,756,99,0.5838006530145202
851,659,663,5,0.2317138671875
856,664,837,158,0.4641059199465981
863,668,715,42,0.5037783668154762
865,671,696,18,0.3444044325086806
878,686,931,212,0.43178256052844927
879,686,696,7,0.19219098772321427
880,687,1297,604,0.5898435478968336
886,696,804,94,0.331731268700133
898,705,720,16,0.64019775390625
900,707,1046,340,0.5438174977022059
922,733,750,13,0.3041522686298077
924,742,841,85,0.5069730870863971
936,752,888,137,0.5957761889826643
938,755,758,4,0.2872314453125
944,761,857,94,0.4968417553191489
950,771,979,207,0.5986640672176933
954,772,786,15,0.24485270182291666
965,775,895,112,0.3814784458705357
967,775,828,54,0.3222950122974537
969,776,891,103,0.22270898911559467
971,778,785,8,0.2597503662109375
983,791,1078,270,0.4141802752459491
986,793,801,9,0.4164632161458333
1013,805,1732,863,0.48036669469238846
1016,805,3509,2694,0.5763054771961419
1020,806,927,72,0.2635481092664931
1031,810,1204,328,0.2793043183117378
1032,811,822,12,0.350372314453125
1033,811,929,110,0.34216086647727273
1037,813,866,50,0.35010986328125
1047,822,1086,243,0.37689811800733025
1049,823,1306,433,0.3687576399664405
1059,830,903,74,0.3819184174408784
1071,835,842,8,0.25296783447265625
1085,848,862,15,0.30572916666666666
1088,858,877,20,0.4389892578125
1089,858,995,135,0.5200312861689815
1093,861,871,11,0.30870472301136365
1094,861,1034,160,0.478863525390625
1096,864,935,40,0.5164947509765625
1098,864,1001,138,0.5329948093580164
1106,869,1506,608,0.41565071909051193
1113,875,878,4,0.248992919921875
1118,887,986,95,0.3330559981496711
1132,898,947,47,0.46351915724734044
1137,899,912,14,0.35841587611607145
1141,901,933,31,0.4357398248487903
1147,903,933,31,0.3266955960181452
1152,908,913,6,0.22807820638020834
1157,911,911,1,0.326904296875
1187,926,1124,199,0.3470078664808417
1190,928,961,34,0.32648423138786764
1204,936,1188,253,0.27037078495553357
1210,938,961,24,0.3016204833984375
1218,942,1043,101,0.4477907690671411
1229,952,1002,51,0.19443885952818626
1238,955,1066,99,0.5800855232007576
1259,965,1233,269,0.32428182722467475
1260,966,984,10,0.274658203125
1271,985,1595,545,0.37260171032826833
1276,990,1110,67,0.26237282824160446
1285,1003,1343,320,0.3022947311401367
1286,1003,3188,2181,0.5549690285061325
1298,1008,1031,23,0.37216053838315216
1299,1008,1135,128,0.43414878845214844
1317,1025,1200,123,0.23828025755843496
1322,1027,1056,22,0.30507035688920453
1328,1030,1640,451,0.25418747185074836
1333,1032,2183,1152,0.3466380437215169
1338,1037,1453,407,0.3263719263475123
1339,1038,1240,170,0.3009973862591912
1363,1059,1157,99,0.3310559205334596
1370,1065,2049,928,0.49578758765911235
1377,1068,1186,119,0.26634357356223737
1380,1071,1221,151,0.3906965445209023
1389,1078,1187,75,0.2181689453125
1391,1079,1199,66,0.27677316376657196
1394,1080,1807,728,0.5738350166069283
1404,1083,2675,1593,0.5599862557870371
1412,1087,1139,53,0.3498005417158019
1414,1089,1185,87,0.35297332412895116
1416,1091,2304,1016,0.5273353396438238
1435,1127,1331,138,0.3091629691745924
1486,1150,2693,1435,0.47688234973867594
1512,1160,1278,119,0.6276640050551471
1541,1172,1239,68,0.2788875804227941
1543,1173,3241,1935,0.43684630874515507
1556,1176,1256,81,0.30608301986882713
1559,1179,1249,45,0.3206244574652778
1566,1183,1195,13,0.263916015625
1569,1184,1195,11,0.29747425426136365
1575,1189,1562,354,0.5066580045021186
1578,1190,1200,11,0.25724653764204547
1579,1190,3671,2399,0.31295670783236507
1580,1190,2118,929,0.32446985480859797
1581,1190,1210,21,0.23926943824404762
1587,1205,1639,425,0.4907085822610294
1597,1212,1740,499,0.3853438077326528
1598,1212,1263,52,0.33336580716646635
1602,1215,2464,1064,0.3677563774854617
1611,1221,1243,23,0.25163468070652173
1613,1223,1299,30,0.5708292643229167
1625,1228,1334,107,0.30877400335864486
1631,1231,1424,194,0.41914351945070877
1632,1232,1251,20,0.2221466064453125
1647,1247,1559,277,0.45112295873759023
1653,1257,1258,2,0.47021484375
1661,1262,1371,97,0.5370024061694587
1665,1264,1388,82,0.32464376310022863
1674,1270,1274,5,0.1891845703125
1686,1274,1312,22,0.24980024857954544
1693,1276,1588,311,0.5524678613595257
1697,1277,1533,255,0.4660235236672794
1703,1279,1407,129,0.2615597747093023
1710,1282,1286,5,0.2179443359375
1714,1284,1310,27,0.5329635054976852
1719,1295,1655,249,0.4831077238642068
1720,1295,1326,31,0.43422772807459675
1764,1329,1660,253,0.31809858842329547
1767,1330,1336,7,0.33754185267857145
1772,1331,1456,119,0.48845768776260506
1786,1336,1621,236,0.476265082925053
1800,1340,1394,55,0.26290505149147725
1811,1342,1361,20,0.323040771484375
1814,1343,1487,145,0.24688973262392241
1822,1345,3342,1993,0.3387782531830156
1828,1350,1458,109,0.3337497536195527
1830,1353,1520,125,0.674458984375
1846,1363,1463,101,0.3919224503016708
1874,1381,1514,74,0.21340447503167229
1878,1383,1688,301,0.37225199854651164
1882,1386,1428,43,0.3346316315406977
1887,1393,2878,1433,0.31496785623746076
1888,1394,1491,86,0.32983540379723836
1895,1412,1771,355,0.35620564205545774
1903,1415,1787,359,0.2632665607590529
1904,1417,2301,878,0.6032671048592326
1910,1426,1467,42,0.2691853841145833
1936,1441,1652,211,0.48558876073755924
1937,1442,1548,40,0.31249542236328126
1945,1449,1512,64,0.3488588333129883
1954,1458,1837,319,0.36774217372403994
1974,1476,1525,31,0.24089197958669356
1976,1476,1688,181,0.2883749271624655
1980,1478,2321,805,0.4650942595108696
1986,1482,1539,58,0.3540880926724138
1987,1486,1523,24,0.235137939453125
1996,1494,1607,77,0.3890737558340097
2008,1497,1562,66,0.4764700224905303
2013,1500,1537,38,0.31609143708881576
2019,1504,1509,6,0.23069254557291666
2031,1514,1526,13,0.34853891225961536
2047,1535,1630,95,0.5733090049342106
2048,1535,1747,171,0.2819028263203582
2054,1538,1734,197,0.49191361635469544
2058,1540,1581,42,0.27801949637276785
2067,1550,1792,229,0.6338138497031932
2068,1550,2003,392,0.5340568386778539
2069,1550,1575,26,0.27752685546875
2074,1560,1590,28,0.49993896484375
2075,1560,1605,20,0.328741455078125
2084,1580,1820,216,0.39367138897931137
2086,1584,1706,96,0.37172508239746094
2115,1598,2017,410,0.44981525700266767
2116,1598,1678,77,0.3108187588778409
2119,1599,1605,7,0.31968470982142855
2131,1609,1723,107,0.49425356856016356
2150,1616,1617,2,0.38818359375
2186,1630,1948,288,0.36540264553493923
2192,1632,1688,57,0.4152746367872807
2197,1635,1732,88,0.40018116344105115
2221,1646,1781,133,0.48782968162593987
2227,1648,1733,84,0.4290364583333333
2228,1648,1890,222,0.281908739794482
2233,1651,2263,613,0.5932637101090946
2235,1654,1741,88,0.3642023259943182
2236,1655,1703,40,0.2091949462890625
2240,1657,1775,100,0.3692657470703125
2242,1660,1681,17,0.3196231617647059
2248,1665,1678,12,0.3252970377604167
2262,1669,1813,107,0.34257550105870327
2286,1684,2203,509,0.2889719665167608
2305,1696,1806,97,0.29541204393524484
2306,1697,1752,10,0.30205078125
2309,1700,1790,80,0.4847198486328125
2342,1725,2021,253,0.4433777096714427
2351,1730,1748,11,0.26025390625
2363,1734,1872,137,0.3493928561245438
2388,1747,2219,401,0.31014717844061723
2407,1751,2269,402,0.27017439657182835
2413,1753,1773,21,0.32593354724702384
2426,1756,1911,140,0.5630257742745536
2429,1758,1914,147,0.4428337252869898
2446,1765,1784,20,0.2293212890625
2455,1769,1803,35,0.28585728236607144
2459,1773,1795,23,0.40310801630434784
2462,1773,1774,2,0.24078369140625
2464,1774,2100,308,0.29396294928216316
2473,1777,1843,8,0.24777984619140625
2492,1785,1797,6,0.2802937825520833
2506,1789,1980,192,0.31714407602945965
2513,1791,1913,108,0.2360263400607639
2520,1793,1955,134,0.3321064052297108
2536,1800,1833,34,0.3808737362132353
2537,1800,1807,8,0.359405517578125
2539,1800,1951,138,0.4187038255774457
2548,1804,1896,93,0.16339833249327956
2555,1807,1808,2,0.3553466796875
2566,1812,1952,100,0.4057244873046875
2568,1813,2629,811,0.5043002315572981
2586,1825,2232,393,0.5848907393050254
2588,1826,2228,355,0.5296068648217429
2611,1842,2244,367,0.38423576666808584
2635,1871,1990,104,0.45718677227313703
2648,1880,2242,319,0.4502008611505682
2652,1882,2169,199,0.28159934192446606
2653,1882,2100,186,0.2522999753234207
2659,1884,1885,2,0.3876953125
2661,1884,2082,163,0.46771240234375
2663,1885,2001,105,0.557881091889881
2666,1886,1928,35,0.2270786830357143
2669,1889,1912,24,0.426177978515625
2674,1893,1899,7,0.2490234375
2689,1904,2171,214,0.4337597428081192
2701,1911,2020,93,0.2863887663810484
2704,1912,1978,67,0.32654537371735076
2707,1915,1926,10,0.22735595703125
2711,1924,1960,22,0.4167702414772727
2718,1929,2101,170,0.2482378791360294
2720,1931,1943,13,0.27706674429086536
2738,1945,2532,578,0.5498625547415658
2751,1949,2024,76,0.4676369114925987
2753,1949,1969,21,0.23588344029017858
2763,1953,2049,97,0.4742941315641108
2765,1953,1957,5,0.249072265625
2772,1955,2134,170,0.23419153550091912
2783,1965,2007,43,0.2652346588844477
2787,1967,2186,220,0.31971158114346593
2789,1968,2277,258,0.5257686644561531
2814,2018,2022,5,0.20936279296875
2815,2018,2019,2,0.31719970703125
2823,2025,2046,22,0.24413230202414773
2824,2028,2106,79,0.21177035947389242
2826,2030,2097,67,0.2852273058535448
2836,2033,2045,13,0.22890061598557693
2848,2041,2118,5,0.19736328125
2850,2042,2827,753,0.48722322623568226
2855,2046,2088,43,0.32100091978561046
2859,2048,2224,177,0.4823411844544492
2889,2064,2098,31,0.2671961630544355
2902,2071,2179,109,0.45529986740252293
2928,2084,2156,73,0.3736304714255137
2932,2088,2090,3,0.3377278645833333
2938,2091,2673,551,0.32815435447623637
2940,2093,2498,382,0.49160558890297773
2948,2099,2402,297,0.27097431015888046
2953,2102,2144,31,0.22394980153729838
2974,2113,2665,494,0.31142731330655365
2984,2120,2793,667,0.4444483080725262
2988,2121,2150,17,0.19692454618566177
2992,2124,2134,11,0.2753351384943182
2996,2125,2478,265,0.35905278043926886
2997,2125,2620,496,0.5147359294276084
3010,2139,2236,98,0.2458172233737245
3013,2142,2145,4,0.2183837890625
3016,2146,2357,210,0.25737944103422616
3026,2159,4178,2012,0.4278810777910661
3032,2166,2251,86,0.5756183003270349
3034,2167,2184,13,0.30624624399038464
3039,2172,2221,50,0.45230224609375
3040,2172,2185,7,0.27601841517857145
3048,2180,2270,91,0.5479776571085165
3053,2184,2266,83,0.25151631918298195
3055,2185,2362,126,0.4361727275545635
3072,2208,2305,92,0.5070827318274457
3079,2211,2547,332,0.4521879632788968
3093,2222,2288,67,0.21669940094449627
3110,2233,2805,573,0.5004432238833443
3116,2235,2398,157,0.4330914734275478
3140,2252,2258,7,0.3489467075892857
3146,2254,2598,342,0.4741999754431652
3147,2255,2265,11,0.29249156605113635
3168,2262,2318,43,0.28853021666061046
3172,2264,2384,113,0.3859571608821903
3174,2264,2534,256,0.494842529296875
3175,2264,2275,9,0.3453233506944444
3185,2268,2437,161,0.23872403920807453
3208,2278,2347,69,0.2723954795063406
3209,2278,2621,279,0.24693511634744625
3212,2281,2294,14,0.41115025111607145
3216,2289,2562,274,0.6588459989450274
3218,2289,2410,122,0.5289796923027664
3249,2306,2400,93,0.37674573672715056
3253,2308,2327,19,0.24883711965460525
3272,2315,2340,26,0.19819758488581732
3281,2318,3207,859,0.5183329288007494
3286,2319,2532,213,0.3817092823870305
3299,2323,2425,103,0.41154168878944175
3319,2329,2353,22,0.23557628284801135
3332,2334,2457,84,0.311737060546875
3346,2339,3817,1479,0.4014111790324966
3347,2339,2430,36,0.20991007486979166
3355,2342,2346,5,0.34189453125
3363,2346,2811,457,0.4908853276292396
3368,2349,3196,844,0.5693248007534805
3389,2353,2461,86,0.2107345226199128
3394,2354,2357,4,0.2288970947265625
3395,2354,2486,133,0.2128809878700658
3423,2361,2515,72,0.25017547607421875
3436,2367,2369,3,0.2032470703125
3458,2379,2679,227,0.45685513534209804
3460,2380,3794,1315,0.31901001440708177
3472,2385,2467,16,0.34844970703125
3486,2388,3059,672,0.4503502618698847
3491,2390,2397,8,0.292327880859375
3495,2392,2470,66,0.2911293723366477
3498,2393,2400,8,0.2356109619140625
3522,2405,2513,109,0.4992339807912844
3531,2409,2763,355,0.23666149730413732
3549,2417,2621,160,0.25378074645996096
3550,2419,2440,22,0.2880914861505682
3563,2425,2525,101,0.5040101910581684
3574,2430,2850,326,0.3884925140193635
3580,2432,2880,442,0.24033324642958145
3590,2440,2454,8,0.2254486083984375
3601,2445,2631,187,0.3585779526654412
3613,2451,3347,885,0.47308894442973165
3630,2462,3673,1196,0.5306796581051422
3640,2469,2589,121,0.2384603200865186
3646,2472,2489,18,0.1970587836371528
3652,2476,2876,393,0.37392404182569977
3664,2489,2492,4,0.268310546875
3677,2496,2587,87,0.2808543238146552
3684,2499,2774,276,0.42577749058820197
3709,2510,2596,87,0.22984717358117815
3713,2511,2531,21,0.22645205543154762
3720,2513,2704,119,0.29152031906512604
3732,2516,2752,237,0.38046689576740506
3750,2519,2944,426,0.4119042051789906
3751,2520,2534,15,0.2581787109375
3767,2528,3521,915,0.45679884947062843
3774,2530,2758,222,0.32358667871973534
3782,2532,2696,94,0.2096064141456117
3783,2534,2708,175,0.38111397879464287
3784,2534,2538,5,0.3184814453125
3790,2538,3523,700,0.4721435546875
3792,2540,2738,178,0.25887135709269665
3809,2550,2740,189,0.40254332527281744
3811,2551,2634,84,0.21969313848586308
3813,2552,2591,40,0.19692230224609375
3816,2555,5448,2818,0.5192184285799437
3820,2557,2558,2,0.34228515625
3829,2566,2606,41,0.3472602658155488
3833,2569,2575,7,0.28213936941964285
3859,2579,2743,140,0.2729801722935268
3886,2591,2781,186,0.22992730909778225
3895,2598,3219,596,0.3546024808947672
3902,2600,2977,378,0.39340936569940477
3912,2605,3322,718,0.4131789353564589
3920,2608,2743,134,0.2215403087103545
3925,2610,2790,164,0.5208193150962271
3933,2616,2766,128,0.589045524597168
3939,2618,2822,154,0.29988236860795453
3948,2625,2986,362,0.3905413717196133
3967,2641,2652,12,0.347503662109375
3995,2656,2701,46,0.250679347826087
4000,2658,2825,110,0.2930880459872159
4002,2658,3096,439,0.28626030507011674
4015,2665,2788,111,0.44901310001407657
4028,2674,2700,27,0.20136854383680555
4038,2681,4499,1809,0.387366890050615
4050,2689,2969,261,0.34157635334351055
4059,2701,2894,149,0.36363230455641776
4060,2701,2709,9,0.25213623046875
4070,2714,2841,128,0.6078109741210938
4098,2730,2979,249,0.2840431550420432
4108,2735,2823,89,0.23702762903792135
4109,2735,2749,15,0.27450358072916664
4118,2741,2978,115,0.3023161514945652
4129,2748,3152,405,0.557859519675926
4132,2751,2760,10,0.2306396484375
4150,2764,2806,34,0.23535874310661764
4154,2765,2797,14,0.33618600027901785
4180,2778,3118,341,0.35250523363040687
4182,2780,2931,152,0.42300575657894735
4188,2784,2884,65,0.30175217848557695
4189,2784,2839,43,0.22390676099200582
4198,2793,3738,946,0.519670611456131
4207,2801,3181,370,0.3232982738597973
4212,2806,3057,98,0.4106289610570791
4213,2806,2820,15,0.28601481119791666
4216,2810,2834,25,0.2933935546875
4232,2822,3139,311,0.4631041499196141
4240,2826,3280,454,0.4508465334182269
4241,2827,3017,162,0.2847625355661651
4250,2834,3374,496,0.32353899555821575
4255,2838,3005,164,0.432101738162157
4258,2839,3563,725,0.6314985183189655
4259,2840,2861,20,0.228314208984375
4286,2851,3135,285,0.4152407997532895
4297,2856,2968,106,0.22940293797906838
4305,2862,3147,286,0.3358273806271853
4319,2871,3258,388,0.27128019037934925
4326,2874,3116,185,0.3244335277660473
4327,2874,2938,60,0.34004313151041665
4362,2906,3078,164,0.5162695907964939
4370,2912,3259,248,0.2913244924237651
4380,2937,3545,548,0.45907704151459855
4393,2944,3002,58,0.31905601764547414
4394,2944,4458,1512,0.36329267390821346
4404,2950,2955,6,0.2711995442708333
4408,2952,2987,36,0.3057183159722222
4410,2953,4529,1558,0.5252128865507663
4423,2972,3087,116,0.3523959455818966
4428,2973,3210,234,0.34502469576322115
4431,2975,3035,61,0.33734631147540983
4453,2986,3054,66,0.29601310961174243
4455,2987,3078,92,0.2714989703634511
4457,2988,3094,69,0.2227057857789855
4463,2990,3103,114,0.26593231736567985
4485,3001,4121,1073,0.44961937498179755
4505,3005,3252,248,0.32600501275831656
4506,3005,3239,235,0.4593947390292553
4507,3005,3031,27,0.22944245515046297
4508,3005,3017,13,0.17857478215144232
4514,3007,3380,320,0.42006893157958985
4523,3011,5448,2376,0.5066662926465173
4530,3013,3151,139,0.3102114011915468
4542,3016,3107,81,0.34686279296875
4550,3020,3071,45,0.3405951605902778
4554,3022,3219,175,0.2709929547991071
4563,3025,3074,50,0.31083984375
4567,3026,3148,89,0.3253544153792135
4576,3029,3060,32,0.23844146728515625
4580,3030,3108,60,0.224652099609375
4586,3039,3064,20,0.25196533203125
4587,3039,3165,127,0.3809199295644685
4593,3047,3156,73,0.4346480696168664
4595,3049,3168,120,0.7178120930989583
4603,3056,3317,245,0.3112934968909439
4651,3073,3090,18,0.2220119900173611
4659,3074,3086,13,0.2217735877403846
4675,3082,3918,826,0.5880486070388166
4677,3084,3089,6,0.24977620442708334
4687,3093,3128,35,0.2314732142857143
4696,3099,3197,99,0.5673051313920454
4709,3104,3147,31,0.19588347404233872
4715,3105,3644,539,0.5185954530960112
4723,3109,3964,826,0.49993874316642706
4736,3117,3119,3,0.23793538411458334
4737,3118,3170,12,0.2509358723958333
4747,3124,3138,15,0.29293212890625
4752,3128,5448,2299,0.49841340452030775
4755,3130,3222,60,0.2999216715494792
4761,3133,3219,87,0.7213401355962644
4783,3147,5448,2285,0.5695384086091356
4787,3148,3343,185,0.47689143000422296
4788,3148,3471,324,0.5496739517023534
4800,3158,3343,186,0.26163966681367606
4808,3163,3226,64,0.4885883331298828
4815,3169,3283,115,0.28905135444972824
4819,3178,3333,156,0.5130177033253205
4828,3192,3245,20,0.2386810302734375
4831,3194,4588,1395,0.5515419361839158
4833,3195,5176,1952,0.5121438698690446
4834,3195,3367,167,0.27025416939558383
4861,3207,3319,103,0.42144182816292475
4862,3207,3233,27,0.2925098560474537
4872,3215,3225,11,0.31090198863636365
4875,3217,3282,66,0.700369170217803
4881,3223,3267,45,0.26726345486111114
4895,3231,3814,579,0.39958578317276555
4899,3232,3259,26,0.41571044921875
4900,3233,3277,27,0.26014765986689814
4905,3241,3408,163,0.5194930562212423
4909,3242,3345,82,0.3087500595464939
4924,3251,3387,130,0.4044396033653846
4943,3258,4022,765,0.4616935380923203
4964,3267,3353,60,0.2768941243489583
4965,3267,3370,95,0.2576840049342105
4979,3287,4066,780,0.3847639817457933
4991,3298,3734,149,0.4678467616138842
5004,3305,3501,133,0.3117753796111372
5009,3309,3358,35,0.3098667689732143
5014,3314,3371,58,0.33161031788793105
5018,3320,3334,14,0.45280238560267855
5026,3328,3413,86,0.4612377078034157
5027,3329,3421,85,0.3601885627297794
5037,3345,4758,1411,0.6532777479402906
5038,3345,3395,27,0.29529938874421297
5067,3367,3429,63,0.45635889446924605
5068,3367,3958,529,0.4243053299267486
5069,3369,3543,175,0.5307219587053571
5071,3374,3394,21,0.2770501999627976
5075,3384,3474,91,0.5064710679945055
5089,3394,3467,74,0.6203431825380068
5116,3404,3527,121,0.35978963552427684
5120,3405,4708,1304,0.634479452495926
5123,3407,3418,12,0.2693837483723958
5125,3408,3567,160,0.3574043273925781
5140,3419,3703,251,0.567138671875
5153,3424,4062,615,0.46020090987042683
5160,3427,4376,948,0.3770325093329707
5168,3429,3458,30,0.22681884765625
5173,3431,3607,131,0.6020172352099237
5174,3432,3434,3,0.281982421875
5175,3432,3503,71,0.47109512544014087
5181,3437,3927,465,0.3361349126344086
5189,3445,5448,2004,0.5763156000011695
5192,3447,3494,41,0.28440298685213417
5211,3457,3660,170,0.3015750660615809
5212,3457,3847,391,0.6488764536045396
5226,3469,3653,173,0.3701475286759393
5235,3475,3677,170,0.494921875
5237,3476,3524,49,0.5406668526785714
5246,3490,3507,15,0.27544759114583334
5250,3497,3549,51,0.28499827665441174
5267,3513,3574,62,0.2599093529485887
5272,3524,3807,248,0.43330850908833163
5274,3527,3631,81,0.4628800757137346
5277,3531,3536,6,0.2869466145833333
5278,3532,3546,15,0.279541015625
5279,3533,3539,7,0.34849330357142855
5281,3536,3542,7,0.33160400390625
5297,3558,3620,60,0.4810892740885417
5302,3560,3563,4,0.452880859375
5303,3560,3585,26,0.26763916015625
5309,3564,3718,155,0.48386624243951615
5317,3571,3618,46,0.3828841499660326
5327,3575,3748,174,0.2704888705549569
5329,3576,3613,35,0.5175606863839286
5330,3576,3758,183,0.4408959560706967
5332,3580,3661,82,0.45871939310213417
5357,3610,4038,428,0.4257627112843166
5387,3645,3901,257,0.5699553137159533
5389,3646,4158,504,0.37524498833550346
5402,3658,5448,1786,0.683956133424902
5414,3667,3671,5,0.18455810546875
5417,3671,3790,73,0.3379307577054795
5437,3696,3707,10,0.304864501953125
5449,3705,3865,148,0.24080761058910474
5454,3707,3847,127,0.5124915415846457
5455,3707,3761,45,0.31061197916666666
5463,3712,3788,77,0.273634080762987
5470,3720,4112,393,0.45240624503021626
5472,3723,3734,12,0.288818359375
5505,3752,3764,13,0.2466759314903846
5515,3759,3856,89,0.32621233650807585
5520,3760,3762,3,0.2785237630208333
5521,3761,4097,274,0.364207469633896
5523,3763,3954,192,0.5672868092854818
5533,3775,4247,449,0.4860652252401169
5536,3776,4290,495,0.5968084161931818
5561,3785,3951,166,0.4947995105421687
5567,3787,3796,10,0.29869384765625
5568,3787,5448,1661,0.52582804974413
5576,3796,3960,135,0.3716227213541667
5578,3798,3873,72,0.32596249050564235
5597,3816,3942,67,0.26533348880597013
5598,3817,3929,58,0.27861286031788796
5626,3841,3952,112,0.5018997192382812
5648,3858,3961,47,0.32264482214095747
5665,3872,3984,46,0.30653713060461957
5667,3873,4187,312,0.5332003862429888
5671,3874,4338,376,0.41877681651013965
5672,3875,3895,21,0.23293922061011904
5674,3879,4045,167,0.23436732492047155
5676,3884,3930,16,0.31952667236328125
5686,3897,4024,116,0.4575584674703664
5698,3910,4024,80,0.3887016296386719
5701,3913,3918,6,0.22650146484375
5704,3916,3932,17,0.2787008846507353
5706,3920,4545,607,0.6492896794880045
5707,3922,3939,18,0.4234754774305556
5721,3943,4026,84,0.5425066266741071
5729,3947,4005,53,0.3530676499852594
5738,3959,4016,54,0.2360602484809028
5746,3965,4011,47,0.34262020029920215
5762,3978,4059,73,0.3131705506207192
5763,3981,4014,19,0.22505268297697367
5771,3992,4273,275,0.3316623757102273
5776,3996,4358,309,0.2755930878969458
5802,4031,4064,34,0.3850492589613971
5813,4037,4040,4,0.310546875
5828,4048,4085,38,0.5370547645970395
5829,4048,4081,31,0.39874070690524194
5833,4051,4101,51,0.5760067210477942
5835,4053,4060,8,0.42144775390625
5841,4059,4106,46,0.4981530230978261
5842,4060,4133,55,0.2615866921164773
5857,4072,4078,7,0.29209681919642855
5870,4080,4714,622,0.5499474626645398
5871,4081,4483,403,0.4345903041640819
5872,4081,4110,27,0.4496934678819444
5876,4083,4113,28,0.25018746512276785
5893,4092,4317,216,0.5141400937680844
5904,4102,4130,27,0.2968478732638889
5906,4104,5448,1343,0.6624621336618113
5907,4106,4207,102,0.5317275103400735
5908,4108,4295,136,0.5599140840418199
5909,4113,4292,180,0.47575853135850693
5914,4128,4499,372,0.518513669249832
5916,4129,4864,720,0.5239833407931858
5921,4140,4199,56,0.4086238316127232
5925,4147,4807,646,0.5964436722982779
5933,4151,4359,209,0.34469443873355265
5944,4164,4222,57,0.6130488880893641
5956,4169,5210,955,0.5943588816058574
5958,4171,5448,1277,0.6619726791919538
5964,4180,4929,749,0.37339157287842123
5966,4182,4322,141,0.6088797927748227
5967,4182,4333,152,0.6098102770353618
5972,4194,4209,16,0.25868988037109375
5978,4206,4341,122,0.35225439853355534
6004,4223,4438,204,0.3362435733570772
6009,4235,4242,7,0.28238351004464285
6013,4243,4245,3,0.3524169921875
6015,4247,4319,73,0.3848341850385274
6023,4257,4461,200,0.5679681396484375
6026,4265,4350,86,0.3448273414789244
6035,4289,4298,10,0.266485595703125
6037,4290,4559,269,0.36328147689649165
6043,4304,4540,234,0.4401965019030449
6050,4307,4513,207,0.5558816661005435
6056,4309,5077,734,0.3177947582276056
6062,4314,4317,4,0.181854248046875
6065,4316,4367,52,0.25899564302884615
6066,4321,5200,867,0.621199417554246
6087,4341,5407,975,0.4779423327323718
6095,4351,5113,763,0.5068332177158421
6097,4358,4434,77,0.4014575512378247
6101,4373,4383,11,0.24614368785511365
6105,4376,4481,97,0.41613454917042525
6112,4381,4458,78,0.3232922676282051
6117,4389,4424,36,0.2942979600694444
6119,4390,4419,10,0.2502197265625
6123,4398,4519,47,0.46644365026595747
6130,4409,4447,39,0.24310146233974358
6150,4442,4445,4,0.319000244140625
6151,4442,4649,167,0.5358667430763473
6152,4445,4483,37,0.26538415857263514
6155,4458,4526,67,0.5284332730876866
6159,4461,4467,7,0.45023018973214285
6160,4461,4489,29,0.34697854929956895
6161,4461,4489,29,0.28283270474137934
6164,4470,4484,15,0.2830322265625
6193,4495,5448,937,0.44979093016275346
6195,4496,4499,4,0.291748046875
6196,4498,4548,35,0.33536202566964285
6200,4501,4606,106,0.5305647940005896
6204,4502,5448,947,0.529761696063226
6209,4504,4516,13,0.33334585336538464
6212,4506,4597,38,0.27051102487664475
6216,4509,5448,939,0.4413866199497471
6221,4512,4596,77,0.33756246195211037
6244,4523,4760,238,0.5768576229319853
6253,4527,4668,142,0.4425014442121479
6256,4529,4545,17,0.38725729549632354
6258,4531,5053,521,0.4890975512835892
6261,4534,5218,644,0.3969539855577931
6268,4546,5261,707,0.37007963404459865
6275,4551,4631,52,0.25622793344350964
6276,4551,4558,8,0.35186767578125
6287,4558,4819,260,0.6200092022235577
6291,4559,4736,168,0.49607631138392855
6293,4562,4638,70,0.3913051060267857
6297,4564,4658,95,0.27632157175164473
6298,4565,4689,123,0.4585869021532012
6299,4567,4628,62,0.4726916897681452
6301,4581,4662,81,0.4011569552951389
6304,4596,5185,587,0.46407077665832625
6309,4617,4731,103,0.4236467972542476
6313,4623,4656,11,0.2192660245028409
6316,4630,4761,132,0.406025742039536
6321,4635,4696,57,0.5872588575932017
6324,4639,4647,9,0.3102756076388889
6332,4664,4664,1,0.313232421875
6335,4667,4670,4,0.249755859375
6349,4673,4741,57,0.38741476493969296
6351,4674,4674,1,0.3720703125
6357,4678,5448,762,0.49434559739480805
6363,4684,5209,482,0.3739825363475752
6366,4686,4766,58,0.2347296353044181
6371,4691,4740,35,0.3734584263392857
6373,4692,4773,67,0.2695731547341418
6386,4705,4914,210,0.6928652808779762
6394,4711,5247,537,0.40098711010242083
6402,4738,4755,17,0.30333395565257354
6405,4752,4837,67,0.33088069175606344
6407,4753,4920,167,0.40819727732035926
6408,4758,4910,119,0.41476927685136555
6420,4786,4984,166,0.2700415921498494
6421,4787,4792,6,0.2795613606770833
6422,4788,5046,211,0.34096610263625593
6429,4807,5055,152,0.21855765894839638
6443,4817,5361,541,0.32547149376155265
6453,4825,4836,12,0.275604248046875
6460,4839,4886,29,0.3296592975484914
6463,4843,4961,34,0.28971414005055146
6464,4845,4909,65,0.4633657602163462
6469,4866,5448,564,0.44180763190519723
6472,4877,4914,38,0.585706208881579
6476,4882,4933,49,0.45832918128188777
6477,4882,4911,26,0.32936917818509615
6483,4887,5033,77,0.26187569754464285
6486,4893,4936,44,0.3820010098544034
6494,4906,4977,67,0.45250736065764924
6496,4908,5040,131,0.44472637613311067
6512,4939,5241,282,0.37226640417220747
6528,4964,5057,82,0.4306715058117378
6542,4977,5012,36,0.2903883192274306
6554,4995,5002,8,0.3416900634765625
6561,5005,5008,4,0.33404541015625
6569,5010,5123,89,0.24616095725070225
6575,5014,5101,76,0.41297350431743424
6589,5023,5145,123,0.6099724498221545
6593,5024,5038,15,0.2979207356770833
6594,5025,5109,73,0.3322979652718322
6600,5030,5130,63,0.3784421890500992
6602,5038,5048,11,0.20490611683238635
6608,5044,5140,97,0.6138022511275774
6617,5048,5049,2,0.3392333984375
6626,5053,5122,59,0.3745779263771186
6629,5055,5108,54,0.3635999891493056
6633,5068,5173,106,0.4603686062794811
6637,5070,5076,7,0.268310546875
6650,5079,5139,61,0.33756843942110654
6656,5081,5236,156,0.31654123159555286
6672,5087,5262,163,0.3196077873370399
6679,5089,5190,102,0.31369198069852944
6681,5091,5317,202,0.26764641185798266
6688,5095,5127,33,0.21710944898200757
6690,5096,5190,92,0.32266368036684784
6695,5101,5288,182,0.3321895389766483
6703,5111,5128,18,0.2898898654513889
6705,5116,5360,245,0.3911733199139031
6719,5123,5146,24,0.3624165852864583
6725,5126,5297,162,0.40868349428530093
6726,5126,5257,124,0.4305931829637097
6732,5147,5171,25,0.317783203125
6733,5147,5448,294,0.506406407777955
6737,5155,5251,85,0.37825425091911763
6742,5169,5185,11,0.26904296875
6752,5181,5411,230,0.4278336234714674
6756,5187,5213,11,0.22199041193181818
6758,5188,5274,82,0.39165366568216464
6760,5192,5448,254,0.45170052595964566
6766,5195,5382,178,0.3292339196365871
6768,5197,5209,13,0.3500835712139423
6782,5208,5448,241,0.7443614658973029
6785,5213,5437,216,0.42926590530960645
6797,5220,5272,35,0.2570207868303571
6802,5226,5448,223,0.49659516886210764
6807,5229,5239,11,0.32707075639204547
6821,5239,5425,187,0.4331674830798797
6832,5250,5410,161,0.44410506538722827
6850,5265,5374,110,0.3806119051846591
6855,5271,5326,56,0.2651617867606027
6884,5292,5318,26,0.2901188777043269
6895,5298,5448,136,0.3468838860006893
6900,5300,5445,138,0.40761223392210144
6908,5305,5448,144,0.31680721706814235
6915,5307,5355,22,0.222900390625
6931,5314,5356,32,0.2585258483886719
6938,5316,5428,104,0.4213984562800481
6947,5320,5448,129,0.41999000726744184
6952,5324,5355,21,0.25145903087797616
6965,5329,5448,120,0.4166900634765625
6967,5329,5416,85,0.4170331169577206
6980,5341,5345,5,0.27156982421875
6991,5349,5448,90,0.26253865559895834
6992,5352,5370,19,0.31303967927631576
6996,5359,5448,90,0.5954182942708334
6998,5361,5448,80,0.5299240112304687
7006,5370,5436,67,0.5229328212453358
7009,5372,5448,77,0.5556862571022727
7014,5376,5448,62,0.33828046244959675
7016,5377,5448,71,0.35437699438820425
7041,5402,5448,47,0.2719986286569149
7047,5410,5448,39,0.5567533052884616
7050,5413,5448,36,0.5377061631944444
7056,5419,5434,15,0.2992757161458333
7065,5436,5448,9,0.3642306857638889
7082,5444,5448,5,0.365869140625
