epoch,val_ade,val_fde,mse,mag,total
1,0.4405647143898117,0.7478365368221743,1.0574554525039814,0.5857754981674549,2.22900644646899
2,0.4867609895674956,0.8577534085543024,1.049712382129446,0.5783659176123577,2.2064442149842596
3,0.41235832357787283,0.6803079435359873,1.0462557614183559,0.5746082176546831,2.1954721955636414
4,0.4108537227893386,0.7077139354250873,1.0074073595493114,0.5760415160383274,2.159490393583106
5,0.44158448134637085,0.7713952186425999,0.9443953798737735,0.5698779735249261,2.0841513273410253
6,0.4159331357176362,0.7189063573268549,0.9379964339104242,0.5595336257808498,2.0570636879162296
7,0.38893853058902267,0.6582048895356072,0.9356229709217269,0.5568243805011819,2.0492717301385484
8,0.4141351307389758,0.7101758574207624,0.9316718626061297,0.5512730966902135,2.034218059154155
9,0.41043746923573426,0.7078890574517815,0.9276793468529065,0.5471052516830365,2.0218898504091283
10,0.4035063802106486,0.6894121990742575,0.925484321661319,0.5414998833144561,2.0084840882577666
11,0.40543634479806173,0.692508946714985,0.9192046403903439,0.5352166991505785,1.9896380413350307
12,0.39824284106124724,0.675079517751553,0.9145695686831936,0.5285782010044927,1.9717259682248842
13,0.4019309477316584,0.6860255100513074,0.9107789892460971,0.5215742084984092,1.9539274065861107
14,0.39201725914972146,0.6623136693606053,0.9022651194570742,0.5143742857624392,1.931013690972677
15,0.3904655815439946,0.6590551993027122,0.8955845361302436,0.5085665288300407,1.9127175947735326
16,0.38754281326371876,0.6506686787356071,0.8895427393061774,0.49864595325665423,1.8868346466589225
17,0.401212231031929,0.6804019099308456,0.8821473263187866,0.4909412965776762,1.8640299223588332
18,0.3868868988943565,0.6483572347311245,0.8730090934281182,0.48376429905327095,1.840537691251756
19,0.39334427471781575,0.6631078424407134,0.8674519180630065,0.47656697348581084,1.8205858669175636
20,0.393529515890337,0.6680001907844134,0.8602329236981359,0.469012845735423,1.798258616087261
21,0.3758136901795653,0.6256757991801387,0.8528878751793199,0.46209641202120183,1.7770806969863175
22,0.4081492506650929,0.6977733492044184,0.8474809253675857,0.454577898702312,1.7566367236951264
23,0.38859415595607,0.6523636401709676,0.8412082624415018,0.4444806169807781,1.7301694951137574
24,0.40440040119547066,0.6877643184137917,0.8361598916265996,0.44260924611642954,1.7213783836553966
25,0.37934612261800743,0.6333098962756207,0.8293826300018938,0.4352851332189359,1.6999528945104525
26,0.3863851017222708,0.6492865577711278,0.82481518336779,0.4297081901904322,1.6842315638877876
27,0.4058482559311608,0.691886969281021,0.818415275317206,0.4244307015604814,1.6672766813135875
28,0.39218893575186353,0.6591201450497878,0.8129920492588156,0.4198790892327904,1.6527502280675916
29,0.3874885687754508,0.6521616152701106,0.809512290249092,0.41345751094244887,1.6364273122452961
30,0.40598162039746133,0.6909405300558098,0.8054259975927477,0.4109865702871886,1.627399138041905
31,0.3877930446481564,0.6495853805916719,0.8004049916681827,0.40541096083608846,1.6112269101171082
32,0.384448944833355,0.6443897809586046,0.7969884666473073,0.39941457698195293,1.5958176210332502
33,0.39982434693614755,0.6755733833625426,0.7913415756202954,0.39377014951851746,1.5788818758353242
