variant,recording,n_windows,ADE,FDE,step1_sm_ratio_med,nd_ratio_med,sm_ratio_med,cosine_med,pct_nd_lt05
MODEL_XR_A_CONTROL,placa_catalunya_01,28743,0.13126367209096315,0.21913750695245318,0.6929145216671586,0.5125111921038854,0.48118110147027493,0.9323650854472433,48.71
MODEL_XR_A_CONTROL,placa_espanya_01,18663,0.6911704072759629,1.0970434246587226,0.5761199250551599,0.42157843582257964,0.42255370700023565,0.9240202497033916,56.26
MODEL_XR_A_CONTROL,esplanade_espanya_01,28215,0.34310889134948885,0.5183956376120948,0.45365998552144865,0.3051625582072867,0.2742406830512213,0.9885117171280317,70.87
MODEL_XR_A_CONTROL,stairs_montjuic_01,8707,0.0915752977388354,0.15213159221518535,0.6639021238708078,0.3825220545850894,0.3579604642954887,0.6786284591584297,62.05
MODEL_XR_A_CONTROL,red_bridge_combined_01,5982,0.06519996750706109,0.10349137812871051,0.912225178032517,0.6079102218161031,0.5861414529268355,0.9538845178851244,40.32
MODEL_XR_B_MAG,placa_catalunya_01,28743,0.13273199209016442,0.22109018356303717,0.8728049972578504,0.6942078539930753,0.643842866265601,0.8994716202593401,31.21
MODEL_XR_B_MAG,placa_espanya_01,18663,0.8499630950208648,1.4651561152695973,1.1618635151801338,1.206593073968627,0.9206172962776299,0.9193037603863756,11.94
MODEL_XR_B_MAG,esplanade_espanya_01,28215,0.411726476149108,0.6446028219333207,1.164580532078114,1.0322579079742862,0.9147133301022686,0.9902017757484831,11.37
MODEL_XR_B_MAG,stairs_montjuic_01,8707,0.10858968069184032,0.18899168268075447,0.9390046211376584,0.5435952853948689,0.4916076107461161,0.6684211774435084,46.53
MODEL_XR_B_MAG,red_bridge_combined_01,5982,0.08212136711448713,0.15166724990602512,1.1081624189531833,0.94502151965845,0.8959104379315149,0.8727988726171292,14.4
MODEL_XR_C_MAG_LIGHT_DIR,placa_catalunya_01,28743,0.13538815181813477,0.22758395302820422,0.8928914486744126,0.6207638302046161,0.5870138804434668,0.8971969373493831,38.73
MODEL_XR_C_MAG_LIGHT_DIR,placa_espanya_01,18663,0.8225058545562757,1.3987811714243343,1.1190086600379892,1.1550092542786627,0.9175973841993743,0.9318961784302587,12.74
MODEL_XR_C_MAG_LIGHT_DIR,esplanade_espanya_01,28215,0.4073030176680293,0.6378602307693547,1.0500034010579067,0.8445555378635912,0.7870563753791,0.9794314706897937,26.96
MODEL_XR_C_MAG_LIGHT_DIR,stairs_montjuic_01,8707,0.09887571362845589,0.16934711388123955,0.962089491875241,0.5921905952697977,0.5388228003002941,0.6869896745005428,41.35
MODEL_XR_C_MAG_LIGHT_DIR,red_bridge_combined_01,5982,0.08808478558015576,0.1619903100884555,1.799784464467026,0.9314820524658426,0.8702608067289058,0.9044338407608146,13.77
MODEL_XR_D_MAG_STRONGER,placa_catalunya_01,28743,0.148193596150938,0.25328472732882856,1.0576790931806879,0.8124540232134172,0.7655149711092132,0.9062189857620327,21.65
MODEL_XR_D_MAG_STRONGER,placa_espanya_01,18663,0.8705692328660161,1.5166572780254444,1.1409321024811423,1.2830726551069473,0.9196330566719781,0.8498109019356319,7.37
MODEL_XR_D_MAG_STRONGER,esplanade_espanya_01,28215,0.47509339183002836,0.7563769024323305,1.3857404160616045,1.142540230851394,0.9838638272257021,0.9882868121227291,7.59
MODEL_XR_D_MAG_STRONGER,stairs_montjuic_01,8707,0.10905109791147435,0.1915919974113144,1.074442567872908,0.7448424532125683,0.7021291668591553,0.6594428616420398,28.09
MODEL_XR_D_MAG_STRONGER,red_bridge_combined_01,5982,0.08424356000903527,0.15390115658935258,1.2160258240786583,1.206713514444486,1.1228415375528733,0.936579355878268,10.44
