variant,horizon,approx_dist_m,ADE,FDE,cum_ratio_med,nd_ratio_med,sm_ratio_med,cosine_med,step1_sm_ratio_med
MODEL_XR_A_CONTROL,20,1.0,0.4663889067812649,0.7694799862501086,0.2588008310621044,0.37483557238595316,0.3291963727224693,0.9403979677962306,0.599346791807438
MODEL_XR_A_CONTROL,60,3.0,1.054133857542646,1.9032224938740407,0.18652975277612438,0.3356482385929489,0.2540236070694836,0.8470790462708724,0.5965397895647218
MODEL_XR_A_CONTROL,100,5.0,1.6001001602696494,2.943893100961468,0.16616691074103923,0.330673733696106,0.23338180950290752,0.7792889536925995,0.5900069599463771
MODEL_XR_A_CONTROL,200,10.0,2.884007228757879,5.510295909055492,0.14734543171615405,0.2986819951229577,0.21047743494373714,0.6835904417309951,0.5712172837367164
MODEL_XR_A_CONTROL,400,20.0,5.462255092821279,10.6491544191006,0.12347756633357684,0.25264745663579435,0.1850285075463631,0.5540286871965071,0.5453887544737055
MODEL_XR_B_MAG,20,1.0,0.5930063999179794,1.01251163782354,0.6002105501474813,1.0189619037288935,0.8156309349556015,0.9456658406004468,1.036243382647727
MODEL_XR_B_MAG,60,3.0,1.495021857170695,2.873621827083848,0.5536036922018284,1.0912273979731002,0.7850786506379746,0.9098951838915313,1.0397238721545152
MODEL_XR_B_MAG,100,5.0,2.4045465388209277,4.703512649895905,0.540865788452431,1.1514328017024673,0.7815043826160201,0.8999070137264872,1.039151060362757
MODEL_XR_B_MAG,200,10.0,4.546643053187587,9.128345812012167,0.5303025374481407,1.1583272978036154,0.7719808241536374,0.9165633497359363,1.0385250577578473
MODEL_XR_B_MAG,400,20.0,8.942918804385146,17.555074821270324,0.5297335733907416,1.2136431612896907,0.7627910938976031,0.9411338139889331,1.0479208467483718
MODEL_XR_C_MAG_LIGHT_DIR,20,1.0,0.5857508953499695,1.0178240901526372,0.5277007756791359,0.8518186845256743,0.7234147590015434,0.8874151054297743,1.037306479330314
MODEL_XR_C_MAG_LIGHT_DIR,60,3.0,1.5257944296472357,2.9811467751341696,0.47197920547199446,0.9053772537584006,0.6588208651527185,0.7040067088718411,1.039978121053458
MODEL_XR_C_MAG_LIGHT_DIR,100,5.0,2.4805410844444338,4.939177303415002,0.469451830567058,0.9748036360124984,0.6536989552859023,0.5762644622500683,1.0398804240619897
MODEL_XR_C_MAG_LIGHT_DIR,200,10.0,4.815995110457822,9.825435896070312,0.4425965972878342,1.0706829488538177,0.6302042010084649,0.41425110098013523,1.0385839417216607
MODEL_XR_C_MAG_LIGHT_DIR,400,20.0,9.61277470455799,19.18736878740775,0.4005695639100665,1.1224835192986555,0.5857066565400701,0.07103593361072336,1.0339472748880825
MODEL_XR_D_MAG_STRONGER,20,1.0,0.6487150481519312,1.11934567754631,0.6607829116803781,1.2110976110595821,0.9092840504145662,0.945302745560587,1.1763500082517873
MODEL_XR_D_MAG_STRONGER,60,3.0,1.6774428077529875,3.2533744629991523,0.6427013084566102,1.3153669606072067,0.9109099094778913,0.8747286196415379,1.1882033583409477
MODEL_XR_D_MAG_STRONGER,100,5.0,2.697597086629839,5.307662217656862,0.6464695432428877,1.3706143682841798,0.9178665097927089,0.859330603471731,1.1947075512415601
MODEL_XR_D_MAG_STRONGER,200,10.0,5.135620986187235,10.162279559023105,0.6537713715625592,1.4170271007805273,0.9322245533038789,0.8848007142351212,1.2146991718649676
MODEL_XR_D_MAG_STRONGER,400,20.0,9.753008129008517,19.329089545150982,0.6302475506961915,1.4709902017130823,0.9128994143864293,0.971515958958557,1.2374392683311493
