epoch,val_ade,val_fde,mse,mag,dir,cos,total
1,0.47235257429792243,0.859264803635177,0.9457838312463897,0.6120322663725406,0.6177723771532191,0.3822276228119976,1.6195933337138146
2,0.38077487295999124,0.6531731265045368,0.9244199285171798,0.5862843643188699,0.5783266002075197,0.4216733993101521,1.568536950677049
3,0.3853694643747007,0.6509196950075016,0.9216424319006148,0.580295015658651,0.575671631600528,0.4243283680191747,1.5595046136559558
4,0.3960861455477226,0.6891077923174378,0.9188484363083969,0.5766044200357158,0.573777342877802,0.4262226566491452,1.5528305912644849
5,0.3795408111020783,0.6436195555786011,0.9155756713091455,0.5736284258346709,0.5721347800601208,0.4278652191329069,1.5464175776124853
6,0.36569716332075525,0.6095734444345876,0.9112096864868093,0.5699487650564646,0.5703729511772848,0.429627049518381,1.5381957498659347
7,0.37684473590831513,0.6406984015080252,0.9084220716432363,0.5667434380622508,0.5695930066006302,0.4304069929819704,1.5321248095984628
8,0.3862675894312359,0.6594254898271965,0.9026837457183585,0.5624513709903172,0.5685536941467622,0.4314463062149841,1.5219904860621332
9,0.36359355242533176,0.6165566257571756,0.8951997214338693,0.5579283552593878,0.5675945300904531,0.43240547028984416,1.5098875256999051
10,0.3648773903851103,0.61977355957464,0.8901494250114261,0.5534404022297382,0.5679525213099846,0.43204747882914846,1.5003850797960552
11,0.36295037679209957,0.6131869088602523,0.8812144579376864,0.5483400831494679,0.5668304341161433,0.4331695665053181,1.4862375844129698
12,0.360744883791256,0.6028904799683091,0.8736594894380908,0.5414733465562681,0.5678389495754034,0.4321610494135623,1.4719167331038254
13,0.37179632944712765,0.6311688687124763,0.8652758645864799,0.5346550369630007,0.5681923464325556,0.4318076535117912,1.456750137437514
14,0.3558723555088403,0.5958961585148796,0.8536083269974468,0.5297859581138091,0.5669724085955764,0.4330275916919655,1.4400915263914595
15,0.35165305716255724,0.5790968167421839,0.8459931444915848,0.5233007884131315,0.5669758513249825,0.4330241485451598,1.4259915182681755
16,0.3552326960765297,0.5789727225258636,0.835766898854811,0.5180826170159544,0.5670855223594556,0.43291447764518215,1.4105580673665226
17,0.35494844337452935,0.5872133633003037,0.8239687684305428,0.5099420294773159,0.5671547071198382,0.43284529285233525,1.3906262669187077
18,0.35819930842091224,0.5996645572921073,0.8150570248791336,0.505109786024967,0.5668956490643403,0.4331043500637585,1.3768563740931676
19,0.35539039808418216,0.5843322788819928,0.8071976198034794,0.49828770659792065,0.5673103596315998,0.43268964055391107,1.362216362525027
20,0.35245735213386903,0.589213639205212,0.8003412545691982,0.4924646012097773,0.5661325712850299,0.4338674292158494,1.3494191127906068
21,0.34388900551654733,0.5640976656668202,0.7902237811852496,0.4876845256792694,0.5668490494740851,0.4331509511566518,1.3345932124598243
22,0.35514375859696207,0.5824611968949652,0.7800650649489252,0.4810937230776412,0.5675917388288692,0.43240826142157046,1.31791796247016
23,0.35030830444741934,0.5832112914626664,0.7714631864763367,0.4800534406546451,0.5666226693172526,0.4333773302653479,1.308178892526677
24,0.3581696794574216,0.5884741732593695,0.7626923028874761,0.47542579463021317,0.5669294911828918,0.43307050900261906,1.2948110469712892
25,0.3449409899809314,0.5651076507166249,0.7570105191242498,0.47010662570396317,0.5672133112951784,0.43278668890888355,1.2838384758877004
26,0.3530685012140027,0.5863898848509105,0.748602630632561,0.46689262522174085,0.5662172790483415,0.4337827209052808,1.272116983480406
27,0.359473591922541,0.5961573052736435,0.7410573599505862,0.4624839795621763,0.5665786232100147,0.4334213763540347,1.2601992013834364
28,0.3555485226291814,0.5855391603462544,0.7335151716895167,0.4586549764861394,0.5679677931033597,0.4320322064606898,1.2489669298387338
29,0.34942468509415725,0.5771946921178235,0.7246569982949277,0.45399582763995255,0.5670452177283403,0.43295478199339343,1.2353573445308406
30,0.3504194190792,0.5745672674751804,0.7171879562723499,0.4498498450386127,0.5662722721709813,0.43372772804699394,1.2236650290331141
31,0.3565875831078214,0.5931559002120163,0.7166959266684116,0.44989174286960404,0.5664397315317843,0.4335602673458749,1.2232316419635278
32,0.3507566605884646,0.5817173111845394,0.7066635874259742,0.44641191395242524,0.566289096133864,0.43371090460817946,1.209704411565942
33,0.3525244908605625,0.5699835700362709,0.6994933217318675,0.4407357747959007,0.5664668513668908,0.43353314846614943,1.196875780913602
