filename,source,notes
H100_best_track4703.png,C:\Users\OWNER\Desktop\IAAC\IAAC_Thesis\motion-pixels\mp-visualization\ready_animations\best\best_H100_track4703_preview.png,Original selected square preview; unchanged
H200_best_track1178.png,C:\Users\OWNER\Desktop\IAAC\IAAC_Thesis\motion-pixels\mp-visualization\ready_animations\best\best_H200_track1178_preview.png,Original selected square preview; unchanged
H200_best_track3084.png,C:\Users\OWNER\Desktop\IAAC\IAAC_Thesis\motion-pixels\mp-visualization\ready_animations\best\best_H200_track3084_preview.png,Original selected square preview; unchanged
H20_best_track1261.png,C:\Users\OWNER\Desktop\IAAC\IAAC_Thesis\motion-pixels\mp-visualization\ready_animations\best\best_H20_track1261_preview.png,Original selected square preview; unchanged
H20_best_track6268.png,C:\Users\OWNER\Desktop\IAAC\IAAC_Thesis\motion-pixels\mp-visualization\ready_animations\best\best_H20_track6268_preview.png,Original selected square preview; unchanged
H400_best_track112.png,C:\Users\OWNER\Desktop\IAAC\IAAC_Thesis\motion-pixels\mp-visualization\ready_animations\best\best_H400_track112_preview.png,Original selected square preview; unchanged
H400_best_track2039.png,C:\Users\OWNER\Desktop\IAAC\IAAC_Thesis\motion-pixels\mp-visualization\ready_animations\best\best_H400_track2039_preview.png,Original selected square preview; unchanged
H60_best_track4394.png,C:\Users\OWNER\Desktop\IAAC\IAAC_Thesis\motion-pixels\mp-visualization\ready_animations\best\best_H60_track4394_preview.png,Original selected square preview; unchanged
H60_best_track6268.png,C:\Users\OWNER\Desktop\IAAC\IAAC_Thesis\motion-pixels\mp-visualization\ready_animations\best\best_H60_track6268_preview.png,Original selected square preview; unchanged
H200_worst_track6268.png,C:\Users\OWNER\Desktop\IAAC\IAAC_Thesis\motion-pixels\mp-visualization\ready_animations\worst\worst_H200_track6268_preview.png,Original selected square preview; unchanged
H20_worst_track1647.png,C:\Users\OWNER\Desktop\IAAC\IAAC_Thesis\motion-pixels\mp-visualization\ready_animations\worst\worst_H20_track1647_preview.png,Original selected square preview; unchanged
H20_worst_track3016.png,C:\Users\OWNER\Desktop\IAAC\IAAC_Thesis\motion-pixels\mp-visualization\ready_animations\worst\worst_H20_track3016_preview.png,Original selected square preview; unchanged
H400_worst_track540.png,C:\Users\OWNER\Desktop\IAAC\IAAC_Thesis\motion-pixels\mp-visualization\ready_animations\worst\worst_H400_track540_preview.png,Original selected square preview; unchanged
H60_worst_track1822.png,C:\Users\OWNER\Desktop\IAAC\IAAC_Thesis\motion-pixels\mp-visualization\ready_animations\worst\worst_H60_track1822_preview.png,Original selected square preview; unchanged
H100_worst_track3160.png,C:\Users\OWNER\Desktop\IAAC\IAAC_Thesis\motion-pixels\mp-core\trajectory-prediction\MODEL_XC\checkpoints\MODEL_XC_B_CURV_LIGHT\model_best.pth,New square rendering of existing Plots_Wassim H100 worst track 3160; frozen-model replay; esplanade_espanya_01__3160; start_idx=134; ADE=21.469858m
