track_id,step,kind,u,v,du,dv
50,0,seed,0.7634587548668251,0.2357030489766673,0.0,0.0
50,1,seed,0.7632033191166568,0.2364353402588482,-0.0638589375420717,0.1830728205452145
50,2,seed,0.7631181738666006,0.2366800952965582,-0.0212863125140516,0.0611887594275106
50,3,seed,0.7632652429348794,0.2366504878323191,0.0367672670696928,-0.0074018660597835
50,4,seed,0.7626382642753753,0.238095332087188,-0.1567446648760295,0.36121106371724
50,5,seed,0.7630717310029337,0.2377104350520795,0.1083666818895989,-0.0962242587771375
50,6,seed,0.7632342810257681,0.2375466070832897,0.0406375057085961,-0.040956992197437
50,7,seed,0.7639231835034949,0.2366248280299785,0.1722256194316984,-0.230444763327807
50,8,seed,0.7638535192079945,0.2369682746151523,-0.0174160738750928,0.0858616462934419
50,9,seed,0.7635051977304922,0.2377755714734055,-0.087080369375575,0.2018242145633217
50,10,pred,0.7633732939860071,0.23829185992820673,-0.03297593612128219,0.12907211370030958
50,11,pred,0.7632032399472245,0.2387241263071137,-0.042513509695636754,0.10806659472674181
50,12,pred,0.7630087357374596,0.23914901182642825,-0.04862605244122163,0.10622137982863407
50,13,pred,0.762833568647696,0.23953948389502516,-0.04379177244089333,0.09761801714922703
50,14,pred,0.7626533177240025,0.23990514243809663,-0.045062730923391345,0.09141463576786903
50,15,pred,0.762444425264835,0.24023027064334276,-0.05222311479186924,0.08128205131153489
50,16,pred,0.7621822956090252,0.24052539159685188,-0.06553241395246842,0.07378023837728113
50,17,pred,0.7618516180915118,0.24077932101658675,-0.0826693793783507,0.06348235493371793
50,18,pred,0.761458347844616,0.2409772008276683,-0.09831756172395675,0.049469952770389874
50,19,pred,0.7610858469147661,0.24111795471145833,-0.09312523246245627,0.03518847094750632
50,20,pred,0.7606560254497636,0.24124208104631018,-0.10745536625062571,0.03103158371295874
50,21,pred,0.7602255600027378,0.24133927866059188,-0.1076163617564539,0.02429940357042589
50,22,pred,0.7597556196210009,0.24143831703703844,-0.11748509543421226,0.024759594111638417
50,23,pred,0.7592539722853264,0.24150281345962485,-0.12541183391862726,0.016124105646598528
50,24,pred,0.7587475553456925,0.24149691083889915,-0.12660423490848496,-0.0014756551814270324
50,10,gt,0.7633813500940468,0.2380676984538982,-0.0309619091113377,0.0730317451231518
50,11,gt,0.7633271667531021,0.2381703376632604,-0.0135458352361894,0.0256598023405732
50,12,gt,0.7636213048896596,0.2375288426047462,0.0735345341393856,-0.1603737646285602
50,13,gt,0.7635671215487148,0.2378782106827678,-0.0135458352362172,0.0873420195054083
50,14,gt,0.7636987096624378,0.2379295302874489,0.0328970284307617,0.0128299011702762
50,15,gt,0.7637451525261049,0.2379453209350432,0.0116107159167655,0.003947661898554
50,16,gt,0.7637606334806605,0.2379453209350432,0.0038702386389033,0.0
50,17,gt,0.7640625120944957,0.2377913621209997,0.0754696534588095,-0.0384897035108564
50,18,gt,0.7635516405941591,0.2390743522380282,-0.1277178750841434,0.3207475292571135
50,19,gt,0.7629014405028214,0.2402941797646798,-0.1625500228344401,0.3049568816629114
50,20,gt,0.7621970570705391,0.2414784783342445,-0.176095858070574,0.2960746423911753
50,21,gt,0.7622357594569281,0.2417607361599908,0.0096755965972583,0.0705644564365712
50,22,gt,0.7622512404114837,0.2418495585527082,0.0038702386389033,0.0222055981793367
50,23,gt,0.7624137904343182,0.2417923174551792,0.0406375057086239,-0.0143102743822426
50,24,gt,0.7630794714802116,0.2409455439779404,0.1664202614733434,-0.2116933693096997
24,0,seed,0.8043439558483176,0.3477258506717933,0.0,0.0
24,1,seed,0.8041349629618162,0.3478679665001412,-0.0522482216253616,0.0355289570869721
24,2,seed,0.8036627938478687,0.34819759626867,-0.118042278486885,0.0824074421321985
24,3,seed,0.8033609152340333,0.3481640411425323,-0.0754696534588372,-0.0083887815344185
24,4,seed,0.8025404246425835,0.3484087961802424,-0.2051226478624601,0.0611887594275245
24,5,seed,0.8025481651198613,0.347838359035902,0.0019351193194516,-0.142609286085088
24,6,seed,0.8023391722333599,0.3480140299903874,-0.0522482216253339,0.043917738621349
24,7,seed,0.8028036008700297,0.3468159146041779,0.1161071591674334,-0.299528846552391
24,8,seed,0.8033609152340333,0.3461152046171853,0.139328591000909,-0.1751774967481273
24,9,seed,0.8025404246425835,0.3472521312439675,-0.2051226478624601,0.2842316566955272
24,10,pred,0.8022172155598297,0.3472025316513456,-0.08080227068844714,-0.012399898155457209
24,11,pred,0.801799376941128,0.3470340884124148,-0.10445965467541773,-0.04211080973270677
24,12,pred,0.8014161485427089,0.34676922749321437,-0.09580709960478162,-0.06621522980009786
24,13,pred,0.8010234341740956,0.34645998790067545,-0.09817859215333169,-0.07730989813473721
24,14,pred,0.8006437596284728,0.3461926943635709,-0.09491863640571746,-0.06682338427613492
24,15,pred,0.8002961195929518,0.3459567834892126,-0.08691000888024389,-0.05897771858957768
24,16,pred,0.7999937666737967,0.34567464147031157,-0.07558822978876412,-0.07053550472525631
24,17,pred,0.7997222859692177,0.3453605635204847,-0.06787017614476851,-0.07851948745671003
24,18,pred,0.799485451691938,0.345001302285904,-0.05920856931993935,-0.0898153086451795
24,19,pred,0.7993097567088986,0.3445973427874576,-0.043923745759840024,-0.10098987461160529
24,20,pred,0.7991890850892321,0.34418135870660804,-0.030167904916607424,-0.10399602021238348
24,21,pred,0.7990925651170473,0.3437857889290907,-0.02412999304621892,-0.09889244437934715
24,22,pred,0.7990141276718271,0.3434048500559958,-0.01960936130504956,-0.09523471827372436
24,23,pred,0.7989506333422556,0.34303703147869824,-0.01587358239287845,-0.09195464432439197
24,24,pred,0.7988935024671224,0.34269307279848915,-0.014282718783284054,-0.08598967005226747
24,10,gt,0.8022772484151374,0.3474258283675036,-0.0657940568615234,0.0434242808840246
24,11,gt,0.8024475389152496,0.3468751295326561,0.0425726250280478,-0.1376747087118712
24,12,gt,0.8028190818245853,0.3457993916653014,0.09288572733393,-0.2689344668386773
24,13,gt,0.8036318319387574,0.3442716465105629,0.2031875285430362,-0.3819362886846034
24,14,gt,0.8036163509842018,0.3437031831971719,-0.0038702386389033,-0.1421158283477636
24,15,gt,0.8030667770974759,0.343876880320708,-0.137393471681485,0.0434242808840246
24,16,gt,0.8028036008700297,0.3433202599930126,-0.0657940568615511,-0.1391550819238446
24,17,gt,0.8025249436880278,0.3432492020788387,-0.0696642955004545,-0.0177644785434721
24,18,gt,0.8018747435966902,0.3436044916497082,-0.1625500228344123,0.0888223927173609
24,19,gt,0.8023391722333599,0.3423649258135637,0.1161071591674334,-0.3098914590361074
24,20,gt,0.8023391722333599,0.342029374552187,0.0,-0.0838878153441718
24,21,gt,0.8027958603927519,0.3411549674416584,0.1141720398479817,-0.2186017776321519
24,22,gt,0.8025946079835282,0.3410937786822309,-0.05031310230591,-0.0152971898568776
24,23,gt,0.8025249436880278,0.3410839095274846,-0.0174160738750928,-0.0024672886865806
24,24,gt,0.8019134459830793,0.3417234307550495,-0.1528744262371262,0.1598803068912219
32,0,seed,0.8100796495111888,0.337894198713457,0.0,0.0
32,1,seed,0.809893878056521,0.3377066847732759,-0.0464428636669511,-0.046878485045268
32,2,seed,0.8098319542382983,0.3376435221828991,-0.0154809545556688,-0.0157906475941882
32,3,seed,0.8092668993970168,0.3377501090541599,-0.1412637103203884,0.0266467178151874
32,4,seed,0.8091894946242386,0.3372290176835515,-0.0193511931945444,-0.1302728426521016
32,5,seed,0.8089263183967924,0.337456008242718,-0.0657940568615511,0.0567476397916322
32,6,seed,0.808848913624014,0.3375408829735368,-0.0193511931945999,0.0212186827047017
32,7,seed,0.8081832325781209,0.3384784526744422,-0.1664202614732879,0.2343924252263401
32,8,seed,0.8090346850786819,0.3371678289241239,0.2128631251402668,-0.3276559375795795
32,9,seed,0.8092746398742947,0.3371895410645659,0.0599886989031961,0.0054280351105134
32,10,pred,0.8094086695104108,0.33691001292587053,0.03350740902902284,-0.06988203467384416
32,11,pred,0.8095397341606284,0.33651122886193047,0.03276616255440412,-0.09969601598501805
32,12,pred,0.8096584694332222,0.3360772552244057,0.02968381814844008,-0.10849340938119283
32,13,pred,0.8097655765877044,0.3356333090296887,0.026776788620562417,-0.1109865486792481
32,14,pred,0.8098536095169759,0.3352285212166392,0.02200823231786691,-0.10119695326236335
32,15,pred,0.8099279942615626,0.33484927224665917,0.018596186146674624,-0.09481224249501137
32,16,pred,0.8099657243549885,0.3345507532928612,0.009432523356464818,-0.0746297384494874
32,17,pred,0.8099360933429262,0.33430448904500243,-0.007407753015575502,-0.06156606196469168
32,18,pred,0.8098335409842126,0.33411229425044014,-0.025638089678410542,-0.04804869864057118
32,19,pred,0.8096464013989967,0.33398057961518296,-0.0467848963039651,-0.03292865881430258
32,20,pred,0.8093474158162139,0.33392466560516226,-0.07474639569567504,-0.013978502505179284
32,21,pred,0.8089735498147818,0.3339104073200687,-0.0934665003580423,-0.0035645712733821597
32,22,pred,0.8086010353073007,0.33388778139602526,-0.09312862687027865,-0.0056564810108607755
32,23,pred,0.8082635653199157,0.33378432169844974,-0.08436749684622222,-0.025864924393880488
32,24,pred,0.8079569949705695,0.33359991659874494,-0.07664258733655076,-0.04610127492620597
32,10,gt,0.8090114636468485,0.3374461390879716,-0.0657940568615511,0.0641495058514296
32,11,gt,0.8090037231695707,0.3370296607576747,-0.0019351193194516,-0.1041195825742385
32,12,gt,0.8090966088969046,0.3363546105730229,0.0232214318334755,-0.168762546162951
32,13,gt,0.80922045653335,0.3355808688409072,0.0309619091113377,-0.1934354330289101
32,14,gt,0.8093675256016286,0.3347755458136032,0.036767267069665,-0.2013307568260042
32,15,gt,0.8098706566246876,0.3337136247628935,0.1257827557647473,-0.26548026267742
32,16,gt,0.8096539232609083,0.33383205461985,-0.0541833409448133,0.0296074642391203
32,17,gt,0.809212716056072,0.3341320769241397,-0.1103018012090784,0.0750055760724288
32,18,gt,0.8090966088969046,0.3339978564195891,-0.0290267897918583,-0.0335551261376604
32,19,gt,0.8088721350558477,0.3340768096575601,-0.0561184602642372,0.0197383094927422
32,20,gt,0.8084231873737335,0.3343590674833063,-0.11223692052853,0.0705644564365504
32,21,gt,0.808082606373509,0.3345959271972192,-0.0851452500561233,0.0592149284782406
32,22,gt,0.8078194301460628,0.3345505290853859,-0.0657940568615511,-0.0113495279583236
32,23,gt,0.8077265444187288,0.3345386860996903,-0.0232214318335033,-0.002960746423905
32,24,gt,0.8071073062365026,0.3351683381725088,-0.1548095455565501,0.1574130182046274
17,0,seed,0.7207235798159316,0.1197503498615357,0.0,0.0
17,1,seed,0.7202823726110952,0.120111560925253,-0.1103018012091061,0.09030276592931
17,2,seed,0.7194231796332563,0.1215662743348683,-0.2147982444597185,0.363678352403824
17,3,seed,0.7187342771555295,0.1232163970084618,-0.1722256194316984,0.412530668398376
17,4,seed,0.7183008104279711,0.1237986771384977,-0.1083666818895989,0.1455700325089896
17,5,seed,0.7177667174958008,0.1250816672555262,-0.1335232330425817,0.3207475292571135
17,6,seed,0.7173719531546315,0.125569203499997,-0.0986910852923128,0.1218840611176969
17,7,seed,0.7170623340635185,0.1262482013465475,-0.0774047727782611,0.1697494616376207
17,8,seed,0.716768195926961,0.1269982571072718,-0.0735345341393856,0.1875139401810791
17,9,seed,0.7164585768358477,0.1273160438901049,-0.0774047727783167,0.0794466957082865
17,10,pred,0.7160492469666625,0.12766583627961314,-0.1023324672962875,0.08744809737705986
17,11,pred,0.71557681192147,0.12799336641160763,-0.11810876129811393,0.08188253299862519
17,12,pred,0.7149764906087367,0.12834784212613923,-0.15008032818335096,0.0886189286328995
17,13,pred,0.7143736401688318,0.12867137095879452,-0.1507126099762438,0.08088220816382438
17,14,pred,0.7136721248371471,0.1290142777958875,-0.17537883292116538,0.08572670927324755
17,15,pred,0.7129729207870832,0.1293378222145068,-0.17480101251600078,0.08088610465482321
17,16,pred,0.712285108202046,0.12965135272952436,-0.1719531462592794,0.07838262875439084
17,17,pred,0.7114927145322136,0.12999990032153227,-0.19809841745809273,0.08713689800197894
17,18,pred,0.7107141963299088,0.1303367876670214,-0.1946295505762043,0.08422183637228223
17,19,pred,0.7098436050249529,0.130711756822226,-0.21764782623899478,0.09374228880115082
17,20,pred,0.7090029465301128,0.13106960561217645,-0.2101646237100396,0.08946219748761294
17,21,pred,0.7080705238321146,0.13146241152794155,-0.2331056744995571,0.09820147894127298
17,22,pred,0.7071756582703139,0.1318318781446494,-0.2237163904501449,0.09236665417695847
17,23,pred,0.7061928506923758,0.13223625868475802,-0.24570189448452304,0.10109513502716125
17,24,pred,0.7052547304179883,0.13261425639178423,-0.23453006859688133,0.09449942675655458
17,10,gt,0.716721753063294,0.1258613304804896,0.0657940568615789,-0.3636783524038206
17,11,gt,0.7168378602224614,0.1252829980123522,0.0290267897918583,-0.1445831170343581
17,12,gt,0.7166985316314604,0.125590915640439,-0.0348321477502688,0.0769794070217058
17,13,gt,0.7164353554040143,0.1257646127639752,-0.0657940568615234,0.0434242808840454
17,14,gt,0.715591643380731,0.1279456959629235,-0.2109280058208151,0.5452707997370756
17,15,gt,0.7152820242896177,0.1287431236664304,-0.0774047727783167,0.1993569258767341
17,16,gt,0.7149646647212268,0.1290944655754013,-0.0793398920977406,0.087835477242705
17,17,gt,0.7148562980393371,0.1292069739395099,-0.0270916704724066,0.0281270910271677
17,18,gt,0.714229319379833,0.1303498220591399,-0.1567446648760295,0.2857120299074867
17,19,gt,0.7136333026294401,0.1318025616378059,-0.1490041875982228,0.3631848946665031
17,20,gt,0.7132075763791595,0.1324065539082839,-0.1064315625701473,0.1509980676194997
17,21,gt,0.7130527668336031,0.1326098584960592,-0.0387023863891167,0.050826146943822
17,22,gt,0.7122090548103196,0.1338494243322036,-0.2109280058208706,0.3098914590361004
17,23,gt,0.7111640903778128,0.1363621111306301,-0.2612411081266974,0.6281716996066194
17,24,gt,0.7105371117183086,0.1369207052892747,-0.1567446648760573,0.1396485396611621
37,0,seed,0.82034352238159,0.3205264601907904,0.0,0.0
37,1,seed,0.8206299200408698,0.3200014211582834,0.0715994148199339,-0.1312597581267505
37,2,seed,0.8212801201322074,0.3188921281647912,0.1625500228344123,-0.2773232483730681
37,3,seed,0.8210633867684282,0.3188388347291608,-0.0541833409448133,-0.0133233589075937
37,4,seed,0.8209782415183721,0.3188506777148564,-0.0212863125140239,0.002960746423905
37,5,seed,0.8205602557453693,0.3191289878787041,-0.1044964432506956,0.0695775409619292
37,6,seed,0.8206531414727032,0.3188269917434651,0.0232214318334755,-0.0754990338097533
37,7,seed,0.8204441485862018,0.3191329355406027,-0.0522482216253339,0.0764859492843883
37,8,seed,0.820846653404649,0.3184440685393058,0.1006262046117922,-0.1722167503242083
37,9,seed,0.8209937224729277,0.3181953658396972,0.036767267069665,-0.0621756749021457
37,10,pred,0.8210139455350437,0.3179260874960443,0.005055765529012702,-0.0673195859132302
37,11,pred,0.8209808735782468,0.3176709093290241,-0.008267989199220255,-0.06379454175504794
37,12,pred,0.8209236023317783,0.3173990679552116,-0.014317811617118285,-0.06796034345311966
37,13,pred,0.8208564411742988,0.3171009709181549,-0.01679028936986975,-0.07452425926417067
37,14,pred,0.8207426570804948,0.316864424395859,-0.02844602345100893,-0.05913663057398587
37,15,pred,0.8205447149977249,0.31671260831698594,-0.0494855206924794,-0.037954019718265036
37,16,pred,0.8202324105297224,0.3166555306146176,-0.07807611700060686,-0.014269425592092745
37,17,pred,0.8198476382708131,0.3166470911714078,-0.09619306472732281,-0.002109860802449022
37,18,pred,0.8194485507967475,0.31665534858904454,-0.09977186851638747,0.002064354409185433
37,19,pred,0.8190902474762994,0.3165753933525493,-0.08957583011201128,-0.019988809123802277
37,20,pred,0.8187617199683195,0.31641152297284253,-0.08213187699498767,-0.04096759492670096
37,21,pred,0.8184705014611348,0.3161772623323019,-0.07280462679618652,-0.05856516013515724
37,22,pred,0.8182218699655651,0.31590496165332377,-0.06215787389240015,-0.06807516974453401
37,23,pred,0.8180329884456861,0.3155569301393439,-0.04722037996975735,-0.08700787849496674
37,24,pred,0.8178833926201866,0.3151707819764349,-0.03739895637485202,-0.09653704072724446
37,10,gt,0.8210479058138725,0.3181124649398278,0.0135458352362172,-0.0207252249673633
37,11,gt,0.8213033415640408,0.3176880912857337,0.0638589375420717,-0.1060934135235225
37,12,gt,0.8218761368826002,0.3167347309372342,0.1431988296398401,-0.2383400871248803
37,13,gt,0.8216671439960989,0.3169104018917195,-0.0522482216253339,0.0439177386213351
37,14,gt,0.822294122655603,0.3157853182506331,0.1567446648760295,-0.2812709102716082
37,15,gt,0.8231842775425533,0.3144450870360757,0.2225387217375807,-0.3350578036393492
37,16,gt,0.8242215014977824,0.3127515400815981,0.2593059888072735,-0.4233867386193857
37,17,gt,0.824368570566061,0.3125363925081272,0.036767267069665,-0.0537868933677271
37,18,gt,0.8241750586341154,0.312879839093301,-0.0483779829864028,0.0858616462934419
37,19,gt,0.8243221277023942,0.3126271887317938,0.0367672670696928,-0.0631625903767946
37,20,gt,0.8244304943842837,0.3122679514990259,0.0270916704723789,-0.089809308191982
37,21,gt,0.8238035157247796,0.3130713006953806,-0.1567446648760295,0.2008372990886797
37,22,gt,0.8240357300431146,0.3125877121128083,0.0580535795837444,-0.1208971456430757
37,23,gt,0.8237648133383905,0.3126489008722359,-0.0677291761810305,0.0152971898568915
37,24,gt,0.8237725538156683,0.312117940346881,0.0019351193194516,-0.1327401313387238
45,0,seed,0.4167472966383106,0.3697261704324071,0.0,0.0
45,1,seed,0.4167472966383106,0.3705314934597111,0.0,0.2013307568259903
45,2,seed,0.4169485490475342,0.3707051905832473,0.0503131023058961,0.0434242808840523
45,3,seed,0.4169640300020899,0.3717355303387685,0.0038702386389172,0.257584938880312
45,4,seed,0.4169175871384229,0.3730106251319999,-0.0116107159167516,0.3187736983078504
45,5,seed,0.4168556633202003,0.3743508563465573,-0.015480954555655,0.3350578036393353
45,6,seed,0.4173510538659813,0.3780636323621427,0.1238476364452678,0.9281940038963626
45,7,seed,0.4177071158207615,0.3792913552125915,0.0890154886950267,0.3069307126121884
45,8,seed,0.4182953920938765,0.3803157734752649,0.1470690682787573,0.2561045656683663
45,9,seed,0.4181792849347091,0.3808092312125835,-0.0290267897918583,0.1233644343296425
45,10,pred,0.4179913327953106,0.38158927590473996,-0.046988034849627776,0.1950111730391163
45,11,pred,0.41785863003236784,0.382330409578118,-0.03317569073568982,0.18528341834451123
45,12,pred,0.4177451617944976,0.3830524010937761,-0.028367059467555324,0.18049787891452074
45,13,pred,0.4176341201936359,0.3837636790369265,-0.027760400215437894,0.17781948578760037
45,14,pred,0.4175063553637555,0.3844301247708391,-0.03194120747008828,0.1666114334781575
45,15,pred,0.41735094877303314,0.38503873038860476,-0.0388516476805969,0.15215140444141956
45,16,pred,0.4171582027324202,0.3855828174052782,-0.04818651015323679,0.13602175416837164
45,17,pred,0.41691862181766814,0.3860446906980263,-0.0598952286880216,0.115468323187033
45,18,pred,0.4166288842277569,0.38645277331827155,-0.07243439747780964,0.10202065506130892
45,19,pred,0.4162916080987743,0.38681796376810873,-0.08431903224564688,0.09129761245929179
45,20,pred,0.4159133972218044,0.38715438326634005,-0.09455271924246311,0.08410487455782406
45,21,pred,0.4155010496318714,0.3874694378851467,-0.10308689748326336,0.07876365470166802
45,22,pred,0.41506190700565104,0.38776983971880524,-0.1097856565550896,0.07510045841463586
45,23,pred,0.4146022207192642,0.38806090876890553,-0.11492157159670724,0.07276726252507669
45,24,pred,0.41412686812607025,0.3883466417171375,-0.11883814829848896,0.07143323705799229
45,10,gt,0.4176606729570944,0.3803256426300113,-0.1296529944036506,-0.1208971456430618
45,11,gt,0.4166079680473098,0.380489470598801,-0.263176227446163,0.0409569921974439
45,12,gt,0.4160429132060283,0.3805960574700619,-0.1412637103203745,0.0266467178152152
45,13,gt,0.4156636298194147,0.3806809322008807,-0.0948208466534095,0.0212186827047017
45,14,gt,0.4156945917285259,0.380603952793859,0.0077404772778205,-0.0192448517554316
45,15,gt,0.4157100726830816,0.3805486855272793,0.0038702386389033,-0.013816816644932
45,16,gt,0.4155165607511359,0.3814408571163514,-0.0483779829864167,0.2230428972680304
45,17,gt,0.4154468964556354,0.3817566700682352,-0.0174160738751205,0.0789532379709689
45,18,gt,0.4154236750238019,0.381855361615699,-0.0058053579583688,0.0246728868659451
45,19,gt,0.4154159345465241,0.3818711522632932,-0.0019351193194655,0.0039476618985401
45,20,gt,0.4154236750238019,0.3818593092775976,0.0019351193194655,-0.002960746423905
45,21,gt,0.4154236750238019,0.3818375971371555,0.0,-0.0054280351105134
45,22,gt,0.4154314155010798,0.3818139111657643,0.0019351193194655,-0.0059214928477963
45,23,gt,0.4154314155010798,0.3817921990253223,0.0,-0.0054280351105134
45,24,gt,0.4154391559783576,0.3817724607158295,0.0019351193194516,-0.004934577373189
25,0,seed,0.8111787972846406,0.3351742596653567,0.0,0.0
25,1,seed,0.8115580806712542,0.3342840619072339,0.0948208466534095,-0.222549439530692
25,2,seed,0.8126727093992616,0.3325293261933288,0.2786571820018457,-0.4386839284762772
25,3,seed,0.8128275189448182,0.3321108740320826,0.0387023863891444,-0.1046130403115491
25,4,seed,0.811294904443808,0.3340649666718644,-0.3831536252525414,0.4885231599454642
25,5,seed,0.8100177256929663,0.3361848611113852,-0.3192946877104419,0.529973609880191
25,6,seed,0.8102886423976903,0.336024980804494,0.0677291761810028,-0.039970076722795
25,7,seed,0.8101415733294115,0.3363565844039721,-0.0367672670696928,0.0829008998695091
25,8,seed,0.8102034971476342,0.3364000086848561,0.0154809545556688,0.010856070221013
25,9,seed,0.8104976352841916,0.336003268664052,0.0735345341393578,-0.0991850052010356
25,10,pred,0.810742741778587,0.33549493624831006,0.0612766235988479,-0.1270831039354911
25,11,pred,0.8109555218773328,0.3349369750820434,0.05319502468644668,-0.13949029156666615
25,12,pred,0.8110704374772821,0.33447166909514253,0.028728899987341905,-0.1163264967252144
25,13,pred,0.8111150956241235,0.334069658088172,0.011164536710350469,-0.10050275174263353
25,14,pred,0.8110780289773387,0.33375562427994193,-0.009266661696211818,-0.07850845205752542
25,15,pred,0.810966013810026,0.33352367626550805,-0.02800379182818456,-0.0579870036084741
25,16,pred,0.8107557002757377,0.33338000800088036,-0.05257838357206593,-0.035917066156918295
25,17,pred,0.8104318643757685,0.33332864287855796,-0.08095897499228752,-0.012841280580594902
25,18,pred,0.8100085008009825,0.33334279996371236,-0.10584089369650115,0.003539271288605282
25,19,pred,0.8095741590910861,0.33336829968385095,-0.10858542747410566,0.006374930034655266
25,20,pred,0.8091784184193209,0.33331436683545446,-0.09893516794130142,-0.013483212099121018
25,21,pred,0.808820650694521,0.33316657522243237,-0.08944193119998509,-0.03694790325552336
25,22,pred,0.8085101120226116,0.3329371517316588,-0.07763466797736376,-0.057355872693405266
25,23,pred,0.8082510314334391,0.33265734961989185,-0.06477014729311248,-0.06995052794173162
25,24,pred,0.8080594390221356,0.33229118328894675,-0.04789810282588743,-0.09154158273627012
25,10,gt,0.8114729354211981,0.3343472244976107,0.2438250342516323,-0.4140110416103321
25,11,gt,0.8115116378075872,0.3339386414911109,0.0096755965972583,-0.1021457516249407
25,12,gt,0.8119528450124235,0.333048443732988,0.1103018012090784,-0.2225494395307198
25,13,gt,0.812564342717372,0.3319529675561407,0.1528744262371262,-0.2738690442118247
25,14,gt,0.8126649689219838,0.3314022687212931,0.025156551152955,-0.1376747087119129
25,15,gt,0.8126959308310951,0.3312068594573149,0.0077404772778344,-0.0488523159945519
25,16,gt,0.8125720831946498,0.3310035548695396,-0.0309619091113377,-0.0508261469438081
25,17,gt,0.8127965570357069,0.3302910018968515,0.056118460264265,-0.1781382431720324
25,18,gt,0.8126959308310951,0.3301548075613515,-0.0251565511529272,-0.0340485838749848
25,19,gt,0.8112484615801411,0.3317654536159596,-0.3618673127385174,0.4026615136520084
25,20,gt,0.8104898948069138,0.3327523690905968,-0.189641693306819,0.2467288686593127
25,21,gt,0.8106447043524705,0.3323714197173869,0.0387023863891722,-0.0952373433024816
25,22,gt,0.8112639425346967,0.3309305231244165,0.1548095455565501,-0.3602241482426049
25,23,gt,0.8116045235349212,0.3298429422713662,0.0851452500561233,-0.2718952132625823
25,24,gt,0.8126494879674282,0.327878980476838,0.2612411081267529,-0.490990448632031
31,0,seed,0.7967118452523784,0.1426625795207143,0.0,0.0
31,1,seed,0.7967350666842118,0.1424079553282579,0.005805357958355,-0.0636560481140982
31,2,seed,0.7971994953208815,0.141308531489512,0.1161071591674334,-0.2748559596864805
31,3,seed,0.7973388239118824,0.1409789017209831,0.0348321477502133,-0.0824074421322124
31,4,seed,0.7965957380932109,0.1419756863503668,-0.1857714546678601,0.2491961573459072
31,5,seed,0.7963403023430424,0.1423309759212362,-0.0638589375421272,0.0888223927173539
31,6,seed,0.7962474166157086,0.1424612487638883,-0.0232214318334478,0.0325682106630392
31,7,seed,0.796224195183875,0.1425105945376202,-0.0058053579584105,0.0123364434329587
31,8,seed,0.7966112190477666,0.1416519780746858,0.0967559659728889,-0.2146541157335979
31,9,seed,0.7967582881160452,0.1413322174609033,0.036767267069665,-0.0799401534456248
31,10,pred,0.7967669845235092,0.14111257122199974,0.0021741018660103063,-0.054911559725886155
31,11,pred,0.7967473964117711,0.14089753151873596,-0.004897027934559794,-0.053759925815943146
31,12,pred,0.7967042578147485,0.14069156206386502,-0.01078464925564148,-0.05149236371773501
31,13,pred,0.7966396810085224,0.14046308019340398,-0.016144201556519022,-0.05712046761525694
31,14,pred,0.7965895119978307,0.1402390454658261,-0.012542252672943757,-0.05600868189446688
31,15,pred,0.7965152984782734,0.14001226564077326,-0.0185533798893232,-0.05669495626321201
31,16,pred,0.7963280325791803,0.13980570438886195,-0.04681647477328074,-0.051640312977826563
31,17,pred,0.7959781708073551,0.13971489872749226,-0.08746544295628844,-0.022701415342419602
31,18,pred,0.7954734865410988,0.13976383131837586,-0.12617106656407773,0.012233147720898861
31,19,pred,0.7949045661994864,0.1398759761013344,-0.1422300854031212,0.028036195739634152
31,20,pred,0.7943770629302596,0.13999702478131054,-0.131875817306698,0.03026216999403699
31,21,pred,0.7939297901525231,0.1400808513603196,-0.11181819443412516,0.02095664475227028
31,22,pred,0.7935079452609406,0.14010498541906208,-0.10546122289562568,0.00603351468561647
31,23,pred,0.7931302651855416,0.14010286560348018,-0.0944200188497421,-0.0005299538954777055
31,24,pred,0.7927784809887509,0.14005782287043067,-0.0879460491976704,-0.011260683262377738
31,10,gt,0.7966499214341557,0.1412808978562221,-0.0270916704723789,-0.01282990117029
31,11,gt,0.7960539046837628,0.1422046507404826,-0.1490041875982228,0.2309382210651245
31,12,gt,0.7958294308427059,0.1425461234947071,-0.0561184602642372,0.0853681885561175
31,13,gt,0.7957520260699275,0.14267442250641,-0.0193511931945999,0.0320747529257217
31,14,gt,0.7957907284563167,0.1419895031670117,0.0096755965973138,-0.1712298348495664
31,15,gt,0.7959997213428182,0.1412986623347656,0.0522482216253616,-0.1727102080615189
31,16,gt,0.7962783785248199,0.1406058476715703,0.0696642955004267,-0.1732036657988434
31,17,gt,0.7967737690706009,0.1394827378614331,0.1238476364452678,-0.2807774525342907
31,18,gt,0.7969595405252689,0.1390702071930347,0.0464428636669789,-0.1031326670995966
31,19,gt,0.7966344404796,0.1397965769823677,-0.08127501141722,0.181592447333248
31,20,gt,0.796317080911209,0.1405071561241066,-0.0793398920977406,0.1776447854347149
31,21,gt,0.7958449117972615,0.141273002532425,-0.118042278486885,0.1914616020796192
31,22,gt,0.7954733688879257,0.1419954246598595,-0.09288572733393,0.18060553185862
31,23,gt,0.7953650022060361,0.1418987069433451,-0.0270916704724066,-0.0241794291286068
31,24,gt,0.7951327878877013,0.1422895254713015,-0.0580535795837167,0.09770463198909
49,0,seed,0.1379120836590784,0.4748030610170361,0.0,0.0
49,1,seed,0.1374940978860756,0.4736345530950656,-0.1044964432506886,-0.2921269804926352
49,2,seed,0.1370296692494059,0.4733957195502034,-0.1161071591674403,-0.0597083862155511
49,3,seed,0.1367277906355706,0.4747477937504564,-0.0754696534588234,0.3380185500632682
49,4,seed,0.1366426453855145,0.4752017748687895,-0.0212863125140308,0.1134952795832783
49,5,seed,0.1366271644309588,0.4753537598518837,-0.0038702386389172,0.0379962457735388
49,6,seed,0.1366349049082366,0.4753971841327677,0.0019351193194516,0.010856070221013
49,7,seed,0.1356363833393967,0.4746589713577391,-0.2496303922099735,-0.184553193757167
49,8,seed,0.1358608571804537,0.4741220893395363,0.056118460264258,-0.1342205045506833
49,9,seed,0.1355280166575071,0.4729259477842761,-0.0832101307366647,-0.2990353888150665
49,10,pred,0.13529625389371414,0.4725714499065195,-0.05794069094824315,-0.08862446943914648
49,11,pred,0.13500583529339993,0.4723602478611537,-0.07260465007855099,-0.05280051134144273
49,12,pred,0.13472516878485322,0.4722593405496648,-0.07016662713668197,-0.025226827872234132
49,13,pred,0.1344181403161698,0.4722481584016603,-0.07675711717085458,-0.002795537001126905
49,14,pred,0.13408290946457216,0.4723143575125479,-0.08380771289941266,0.01654977772190919
49,15,pred,0.13373669264977298,0.4724352359516458,-0.08655420369979872,0.030219609774474
49,16,pred,0.13339171352825963,0.47258680231669187,-0.0862447803783391,0.03789159126151014
49,17,pred,0.1330491140123486,0.4727559093005969,-0.08564987897776202,0.042276745976264275
49,18,pred,0.13270873110341436,0.47293945867870246,-0.08509572723356149,0.045887344526390005
49,19,pred,0.1323683477418924,0.4731363603643262,-0.0850958403804889,0.049225421405935124
49,20,pred,0.13202745666077276,0.4733461297502677,-0.08522277027991182,0.05244234648536407
49,21,pred,0.13168918006151423,0.473565067842277,-0.08456914981463423,0.05473452300232087
49,22,pred,0.13135143637590255,0.4737913135152503,-0.08443592140291861,0.05656141824332224
49,23,pred,0.13101536589029095,0.47402222347802186,-0.0840176214028989,0.05772749069290255
49,24,pred,0.1306809825510859,0.4742562887878982,-0.08359583480126404,0.05851632746908977
49,10,gt,0.1358376357486202,0.4734845419429207,0.0774047727782889,0.1396485396611552
49,11,gt,0.1358144143167867,0.4749353076906375,-0.0058053579583688,0.3626914369291995
49,12,gt,0.1360853310215108,0.4753517860209344,0.0677291761810028,0.1041195825742247
49,13,gt,0.1359150405213985,0.4756300961847821,-0.0425726250280547,0.0695775409619292
49,14,gt,0.1364181715444574,0.4754800850326373,0.1257827557647195,-0.0375027880362144
49,15,gt,0.1375792431361317,0.4761373707387457,0.2902678979185766,0.1643214265271003
49,16,gt,0.1383145884775255,0.4739523398778988,0.1838363353484362,-0.5462577152117176
49,17,gt,0.1377727550680775,0.4711494999299289,-0.1354583523619987,-0.7007099869924677
49,18,gt,0.1375560217042983,0.4700935003720671,-0.0541833409448064,-0.2639998894654605
49,19,gt,0.1364878358399578,0.4689743382238284,-0.267046466085101,-0.2797905370596626
49,20,gt,0.1353732071119505,0.4700757358935236,-0.2786571820018388,0.275349417423798
49,21,gt,0.1336703021108281,0.4722410284448778,-0.4257262502805892,0.5413231378385425
49,22,gt,0.1329194758148787,0.4696138594513934,-0.1877065739873534,-0.6567922483710908
49,23,gt,0.1238244150134297,0.4760722343174196,-2.2737652003622557,1.614593716506546
49,24,gt,0.1206121169431307,0.4793093170742298,-0.8030745175747547,0.809270689202557
51,0,seed,0.0772577037100107,0.4866361775579368,0.0,0.0
51,1,seed,0.0774976585056234,0.4868256653290672,0.0599886989031753,0.0473719427825924
51,2,seed,0.0770254893916759,0.487125687633357,-0.1180422784868885,0.0750055760724427
51,3,seed,0.0773970323010116,0.4869855456359584,0.0928857273339439,-0.0350354993496337
51,4,seed,0.077698910914847,0.4868572466242556,0.0754696534588338,-0.0320747529257148
51,5,seed,0.0782949276652398,0.4865927532770528,0.1490041875982055,-0.0661233368006997
51,6,seed,0.0797114350070825,0.4872737249545525,0.3541268354606761,0.1702429193749244
51,7,seed,0.0796572516661377,0.4864841925748427,-0.0135458352361998,-0.1973830949274502
51,8,seed,0.080322932712031,0.4871513474356975,0.1664202614733226,0.1667887152136948
51,9,seed,0.0807099565759224,0.4873270183901829,0.0967559659728646,0.0439177386213629
51,10,pred,0.08108548744973448,0.48751431907726256,0.0938827184530183,0.04682517176991201
51,11,pred,0.0814735512483022,0.4876551596223387,0.0970159496419297,0.03521013626902797
51,12,pred,0.0818283560523383,0.48775328718982147,0.08870120100902618,0.02453189187069956
51,13,pred,0.0821696859457324,0.48783168725942644,0.0853324733485254,0.019600017401242925
51,14,pred,0.082510187938868,0.48789885441632674,0.08512549828389801,0.016791789225075966
51,15,pred,0.08285997156722813,0.4879595109169135,0.08744590709003447,0.01516412514668401
51,16,pred,0.08322288724589645,0.48801655966934226,0.09072891966707933,0.014262188107197062
51,17,pred,0.0835972732739532,0.4880703036998607,0.09359650701418615,0.013436007629615113
51,18,pred,0.08398663261322105,0.4881233542164755,0.09733983481696351,0.01326262915369731
51,19,pred,0.08438324133479705,0.48817406906346006,0.09915218039399909,0.012678711746132849
51,20,pred,0.08478552225432559,0.4882230814289872,0.10057022988213427,0.012253091381785944
51,21,pred,0.0851876295477987,0.4882713644295392,0.10052682336827701,0.012070750138014681
51,22,pred,0.08558462397467836,0.4883197321019029,0.09924860671991678,0.012091918090908569
51,23,pred,0.08597484339821963,0.4883680031837766,0.09755485588531804,0.012067770468427347
51,24,pred,0.08635913590074037,0.48841582831029884,0.09607312563018391,0.011956281630565797
51,10,gt,0.0815304471673723,0.4883336721743129,0.2051226478624636,0.2516634460325018
51,11,gt,0.0819793948494864,0.4886376421405012,0.1122369205285196,0.0759924915470777
51,12,gt,0.081816844826652,0.488880423347262,-0.0406375057085996,0.0606953016901862
51,13,gt,0.0806712541895333,0.4869539643407701,-0.2863976592796732,-0.4816147516229774
51,14,gt,0.0802223065074192,0.4862137777347921,-0.1122369205285231,-0.1850466514944915
51,15,gt,0.080052016007307,0.4859394152328429,-0.0425726250280582,-0.0685906254872942
51,16,gt,0.0803616350984201,0.4869204092146324,0.0774047727782889,0.2452484954473671
51,17,gt,0.0797888397798608,0.4863558935631399,-0.1431988296398297,-0.1411289128731285
51,18,gt,0.0799513898026952,0.4872184576879729,0.0406375057085996,0.2156410312082468
51,19,gt,0.0798507635980834,0.4876073023849799,-0.0251565511529446,0.0972111742517656
51,20,gt,0.0799668707572509,0.4876862556229509,0.0290267897918583,0.0197383094927422
51,21,gt,0.0798585040753612,0.487780999508516,-0.0270916704724032,0.0236859713912823
51,22,gt,0.0799668707572509,0.4877454705514291,0.0270916704724032,-0.0088822392717291
51,23,gt,0.0805396660758102,0.4887304121951171,0.1431988296398331,0.2462354109220021
51,24,gt,0.0807563994395894,0.4890975447516822,0.0541833409448064,0.091783139141266
