epoch,train_position,train_turn,train_heading,train_freeze,train_path,train_event,train_total,val_position,val_turn,val_heading,val_freeze,val_path,val_event,val_total
1,0.6922320284686245,0.9534610069060063,0.4964232278066677,0.0007748477434698533,0.16140262572974948,0.02943812236189842,2.8872109570346036,0.6869702136351002,0.804143676492903,0.43823112435638906,0.00013714344434750576,0.16495811757114198,0.014451264380477368,2.5595630019903184
2,0.6435479986143636,0.9019947749572795,0.457016209586636,0.00031949327260787997,0.14942514487020261,0.0185400816852452,2.691451059068952,0.6380439904001024,0.786016837745491,0.42386926207691433,0.00019056537550770573,0.15249011135763593,0.015384348556916746,2.4626503113243317
3,0.6350460200028105,0.8889760154289204,0.4512770563364029,0.0005026581273721224,0.14737448459798164,0.01781185400969052,2.6541530015704398,0.6450003531244066,0.7668724633649819,0.4202355092598332,0.00039093624412392576,0.15224038768145773,0.012528949388716784,2.4310030879245863
4,0.6232244885229803,0.8827027636569935,0.44892283026333696,0.0006411956462006156,0.14636248464767748,0.017224655562888953,2.6303646983681146,0.6662070742911763,0.7670898362903649,0.43298229635175733,0.0003172628820822057,0.15412206256555186,0.013111677005266149,2.4694990701145594
5,0.6161144154248657,0.8730509743585692,0.4465105856840427,0.0007106825378007041,0.1460917577311233,0.016759041774567666,2.6059018674787584,0.6419037978268332,0.7597955168949233,0.4243170993609561,0.0003360785789684289,0.15169820085995728,0.013964292533799178,2.425031648079554
6,0.6009375511617451,0.8650965326434963,0.44177382670261045,0.0006110137991177348,0.1451941191331371,0.016234487576082677,2.5734759187960363,0.6499378192755911,0.7571923586242418,0.4207478056144383,0.0002528617734141234,0.15286380263666313,0.01348337589814845,2.4226475672589407
7,0.5911433403144826,0.8608537873724005,0.4401319913484238,0.0006585823471790978,0.14419108485127544,0.01625537597318436,2.5560345237071695,0.6904605452385214,0.7632740347749657,0.43560959392537674,0.0004911114836836026,0.1619711954974466,0.01494431008791758,2.495239730013741
8,0.5834096339705226,0.8490560977668553,0.4371288283513142,0.0005389878647862473,0.14373471114661668,0.01594294789349558,2.5269627779394717,0.6607307548324267,0.77803458204079,0.42997289517273507,0.00024658796545635493,0.1551902748644352,0.011455203284923401,2.4762156026230917
9,0.564190489430349,0.8369040530461531,0.42913384110062985,0.0006031895809868289,0.14239756836668477,0.014909786925968397,2.4792672400946145,0.711806124738521,0.7797218749506606,0.4323696457884378,0.00021264526553245054,0.16191392011112637,0.011222439446848713,2.5283463832404878
10,0.547124012027468,0.8266434264707041,0.4266899223838534,0.0006314198550471401,0.14168345350158085,0.014321541740139434,2.4453991101338315,0.6679989006784227,0.7734271592253612,0.4235825812858012,0.0003786352391923881,0.16030956134200097,0.012040217971015307,2.4702205121517182
11,0.5299280829482026,0.8094562964124994,0.4185127921484329,0.0005847060294299908,0.14046406608361464,0.01394045159660771,2.392237043642736,0.6895762299497922,0.7785647614548604,0.42342471457603903,0.00046893088535095254,0.16077049043443467,0.011738505411065287,2.4950235423114564
12,0.5145052251579997,0.7879853399245293,0.40979058542749386,0.0006616896949708462,0.14058192681807738,0.012893298173139056,2.3336600002351697,0.6736948849426375,0.7969489538007313,0.44584861010726956,0.000294407069708945,0.15747376299566693,0.012072657623017827,2.5412186119291515
13,0.48243810673663906,0.7606654918455815,0.4037294870222008,0.0007243635010097053,0.1380402677334272,0.012299390796797125,2.255310794023367,0.6963437694642279,0.8129940977940957,0.4474244938335485,0.0003974264671948428,0.16063816075523693,0.011529762706615859,2.5877630594703884
14,0.4647388538980222,0.7235732790205505,0.3891726768606312,0.0006335612649998658,0.1365942291178546,0.011437013976091703,2.1616540988723,0.6902615235911476,0.8112999483632545,0.42836724900537065,0.0002488610986296812,0.16037745802766748,0.01124874423775408,2.551273180709945
