variant,recording,ADE,nd_ratio_med,cosine_med,shape_ratio_med,turn_count_ratio_med
MODEL_XC_A_BMAG_CONTROL,placa_catalunya_01,0.13273199209016442,0.6942078539930753,0.8994716202593401,0.22938276310794975,0.4
MODEL_XC_A_BMAG_CONTROL,placa_espanya_01,0.8499630950208648,1.206593073968627,0.9193037603863756,0.04901049325414628,0.0
MODEL_XC_A_BMAG_CONTROL,esplanade_espanya_01,0.411726476149108,1.0322579079742862,0.9902017757484831,0.04588793767513967,0.0
MODEL_XC_A_BMAG_CONTROL,stairs_montjuic_01,0.10858968069184032,0.5435952853948689,0.6684211774435084,0.17520348276028017,0.2
MODEL_XC_A_BMAG_CONTROL,red_bridge_combined_01,0.08212136711448713,0.94502151965845,0.8727988726171292,0.10689350476774924,0.0
MODEL_XC_B_CURV_LIGHT,placa_catalunya_01,0.13099840674842034,0.8379662365091172,0.8809531256703628,0.3077531889806952,0.6666666666666666
MODEL_XC_B_CURV_LIGHT,placa_espanya_01,0.7802241921417612,0.9238303240094506,0.7538607081010038,0.3001249152176262,0.5
MODEL_XC_B_CURV_LIGHT,esplanade_espanya_01,0.3689304208689227,0.7301460044387406,0.9195529007171338,0.409862950744208,0.8333333333333334
MODEL_XC_B_CURV_LIGHT,stairs_montjuic_01,0.09532922122295663,0.6202160483590798,0.7315812580792297,0.28815875879345443,1.0
MODEL_XC_B_CURV_LIGHT,red_bridge_combined_01,0.07414198822207348,0.9322533570536458,0.9387859503468607,0.2155469751436731,0.0
MODEL_XC_C_CURV_MED,placa_catalunya_01,0.1298245108562021,0.8348369652975053,0.9004787399224817,0.23262030069509315,0.5
MODEL_XC_C_CURV_MED,placa_espanya_01,0.7624454790828111,0.8163215978052568,0.5723475835145398,0.2925487363479501,0.6666666666666666
MODEL_XC_C_CURV_MED,esplanade_espanya_01,0.36857895210419045,0.6708912869973289,0.77199769130152,0.3251697771859501,0.8333333333333334
MODEL_XC_C_CURV_MED,stairs_montjuic_01,0.08927678048599721,0.4999432981784838,0.8173631915206314,0.26364898587122,0.6666666666666666
MODEL_XC_C_CURV_MED,red_bridge_combined_01,0.06812813978023043,0.9272220951960233,0.9363298707701142,0.19346361583195132,0.0
MODEL_XC_D_CURV_STRONG,placa_catalunya_01,0.1317792631033258,0.7658697289751419,0.8764296001229307,0.22292461538836542,0.4
MODEL_XC_D_CURV_STRONG,placa_espanya_01,0.7343040407891576,0.701137215828029,0.4170961740647978,0.34691455059389564,0.8
MODEL_XC_D_CURV_STRONG,esplanade_espanya_01,0.374292878307095,0.5534776721421173,0.6470518040404694,0.3164683888932634,1.0
MODEL_XC_D_CURV_STRONG,stairs_montjuic_01,0.09067617853349601,0.5703986200455385,0.7494320133150463,0.20556953443505224,0.5
MODEL_XC_D_CURV_STRONG,red_bridge_combined_01,0.06456988462318734,0.7569700142583878,0.9404835237887113,0.1944271586485939,0.0
