variant,horizon,ADE,FDE,nd_ratio_med,sm_ratio_med,cosine_med,shape_ratio_med,overshoot_rate
MODEL_XC_A_BMAG_CONTROL,20,0.5930063999179794,1.01251163782354,1.0189619037288935,0.8156309349556015,0.9456658406004468,0.05810343193248322,38.15
MODEL_XC_A_BMAG_CONTROL,60,1.495021857170695,2.873621827083848,1.0912273979731002,0.7850786506379746,0.9098951838915313,0.05674823128201157,42.82
MODEL_XC_A_BMAG_CONTROL,100,2.4045465388209277,4.703512649895905,1.1514328017024673,0.7815043826160201,0.8999070137264872,0.042980760462128426,46.01
MODEL_XC_A_BMAG_CONTROL,200,4.546643053187587,9.128345812012167,1.1583272978036154,0.7719808241536374,0.9165633497359363,0.04629435904310225,46.31
MODEL_XC_A_BMAG_CONTROL,400,8.942918804385146,17.555074821270324,1.2136431612896907,0.7627910938976031,0.9411338139889331,0.04801294344950566,48.51
MODEL_XC_B_CURV_LIGHT,20,0.526190399262347,0.901403249463716,0.893153092581352,0.791653020697554,0.8945765273071609,0.5289255958122576,28.81
MODEL_XC_B_CURV_LIGHT,60,1.3556925179556139,2.6712356703149807,0.9778449647789272,0.7990145889265792,0.8809420054463863,0.566216657400505,35.72
MODEL_XC_B_CURV_LIGHT,100,2.2309086388728794,4.516990337278344,1.021313753262441,0.8038948790588778,0.8767872798721879,0.42410890918908517,39.18
MODEL_XC_B_CURV_LIGHT,200,4.443734158362427,9.148130195555893,1.0318223753555513,0.8043029316976179,0.8909184089258753,0.26372958310672034,41.14
MODEL_XC_B_CURV_LIGHT,400,8.649624189648101,17.59114408579236,1.0390168888250142,0.7652102153758986,0.9167195096554289,0.1798184220040262,42.23
MODEL_XC_C_CURV_MED,20,0.5223417973535558,0.889236628836381,0.7918847746050728,0.631217888113758,0.7746580367480007,0.4274227556293093,22.43
MODEL_XC_C_CURV_MED,60,1.2498068820138544,2.3022609672811325,0.7519358516909421,0.5000362532324389,0.7104724069172439,0.3793914020088994,22.21
MODEL_XC_C_CURV_MED,100,1.9114957070638554,3.559771850211548,0.747590260858918,0.4775470927147889,0.7015148311495819,0.2969804579260057,22.17
MODEL_XC_C_CURV_MED,200,3.3664773264121353,6.468899902537835,0.7174350371904777,0.457044105135878,0.6407899902782712,0.2601631224001848,19.9
MODEL_XC_C_CURV_MED,400,6.305929199377864,12.354870094074725,0.7252686648097368,0.4146731567060773,0.585124976342231,0.2306755737097363,18.42
MODEL_XC_D_CURV_STRONG,20,0.5048117741667618,0.8445478029669825,0.6972871089868311,0.5503225022524657,0.660671139775258,0.377824108329878,17.39
MODEL_XC_D_CURV_STRONG,60,1.170470944439924,2.1490761197263297,0.6526077993112385,0.44042145703017943,0.59407257706217,0.38517542862350584,19.5
MODEL_XC_D_CURV_STRONG,100,1.810841275344595,3.4194307040458507,0.6434348358483553,0.41098679640896607,0.5637702444217152,0.3017059578021707,20.73
MODEL_XC_D_CURV_STRONG,200,3.392346881109351,6.631673811184377,0.6149431105562142,0.40236953790740104,0.4590423703881218,0.21131790878972312,21.18
MODEL_XC_D_CURV_STRONG,400,6.507190634293445,13.426447457820323,0.6391035473516591,0.4026364006623546,0.3874211770666156,0.18686530663471596,24.86
