variant,track_id,horizon,target_mag,ade,fde,path_len_pred,path_len_gt
h30_no_clamp,50,30,,0.16186387570501334,0.3955512521592745,0.29378649496918724,0.9777097105979919
h30_no_clamp,24,30,,0.2995821001961256,0.5024637925135611,0.2986383707950804,0.9668275117874146
h30_no_clamp,32,30,,0.14241977240937273,0.19748270261084677,0.30042563725756,0.7755789756774902
h30_no_clamp,17,30,,0.30695719678062044,0.7620821605066941,0.39906735334978705,1.3917617797851562
h30_no_clamp,37,30,,0.2127066634053689,0.3422133789815168,0.3411917666063024,0.8668258190155029
h30_no_clamp,45,30,,0.47374446968202133,1.0072984893133496,1.0883469210805485,0.20345045626163483
h30_no_clamp,25,30,,0.3271663275405955,0.537569554766951,0.2997391119727337,1.1456966400146484
h30_no_clamp,31,30,,0.12001176314650314,0.21386725221468533,0.2765842965643556,0.9806745648384094
h30_no_clamp,49,30,,0.20015297232109747,0.11807960413014934,0.2739760782164957,2.725132703781128
h30_no_clamp,51,30,,0.17777590275200528,0.38059701075482844,0.4036419332980312,0.7988981008529663
h20_no_clamp,50,20,,0.09004295778556781,0.14884550374321204,0.1910781424739299,0.4380739629268646
h20_no_clamp,24,20,,0.23294412115294721,0.390260998475416,0.19298656180236656,0.632968544960022
h20_no_clamp,32,20,,0.1047700406043612,0.2241652187617156,0.19586255319875728,0.5888939499855042
h20_no_clamp,17,20,,0.18262112571198824,0.3392288965682381,0.26432803554660267,0.8697164058685303
h20_no_clamp,37,20,,0.16450587780214626,0.2288696263123469,0.22931086165770737,0.5315080285072327
h20_no_clamp,45,20,,0.30120368122325897,0.5902840881367354,0.6599347498062896,0.18505136668682098
h20_no_clamp,25,20,,0.2370442363632685,0.38686695198778714,0.194192017585919,0.7489673495292664
h20_no_clamp,31,20,,0.09104473697944346,0.14865045668426102,0.17700252597768024,0.6468501687049866
h20_no_clamp,49,20,,0.19485110439758088,0.3147087483983132,0.16069758425083452,1.883673071861267
h20_no_clamp,51,20,,0.11520945920830077,0.21657037989072905,0.25983321945754784,0.5227314829826355
h20_clamp_004,50,20,0.04,0.3287563484384593,0.6486328735641331,0.8000000000000008,0.4380739629268646
h20_clamp_004,24,20,0.04,0.5837716453475651,1.0848154084210084,0.7999999999999966,0.632968544960022
h20_clamp_004,32,20,0.04,0.3226156557467749,0.660549653035039,0.7999999999999977,0.5888939499855042
h20_clamp_004,17,20,0.04,0.285987797862825,0.5309237310846736,0.8000000000000015,0.8697164058685303
h20_clamp_004,37,20,0.04,0.30027100274355656,0.6320617433955025,0.8000000000000005,0.5315080285072327
h20_clamp_004,45,20,0.04,0.3813950911724945,0.7307922668864769,0.7999999999999998,0.18505136668682098
h20_clamp_004,25,20,0.04,0.34830245654242825,0.745292168480233,0.7999999999999993,0.7489673495292664
h20_clamp_004,31,20,0.04,0.39520913952178105,0.7437796640117975,0.8,0.6468501687049866
h20_clamp_004,49,20,0.04,0.25624141195948735,0.23568598367528468,0.7999999999999992,1.883673071861267
h20_clamp_004,51,20,0.04,0.39115001690611606,0.7584797719182164,0.8000000000000002,0.5227314829826355
h15_clamp_004,50,15,0.04,0.2509502018803507,0.46429879677605934,0.6000000000000003,0.33813199400901794
h15_clamp_004,24,15,0.04,0.46588180291785636,0.7863168015867317,0.5999999999999982,0.4269068241119385
h15_clamp_004,32,15,0.04,0.2368947603298056,0.4855996429930538,0.5999999999999982,0.30433228611946106
h15_clamp_004,17,15,0.04,0.22815451909513812,0.35474102659251994,0.6000000000000012,0.6992628574371338
h15_clamp_004,37,15,0.04,0.21472953726356916,0.436460410547447,0.6000000000000018,0.4550444781780243
h15_clamp_004,45,15,0.04,0.2919403217400645,0.542888669837629,0.6000000000000012,0.13578616082668304
h15_clamp_004,25,15,0.04,0.2437689365852141,0.5279890912568102,0.5999999999999991,0.6817593574523926
h15_clamp_004,31,15,0.04,0.3053278247932524,0.5537828444101494,0.6000000000000008,0.4324711561203003
h15_clamp_004,49,15,0.04,0.27219545708608156,0.1675396008390883,0.5999999999999993,1.3692643642425537
h15_clamp_004,51,15,0.04,0.3090071831322776,0.5140825740066479,0.6000000000000001,0.45546212792396545
