track_id,ade,fde,path
50,0.16186387570501334,0.3955512521592745,C:\Users\OWNER\Desktop\IAAC\IAAC_Thesis\motion-pixels\mp-data\processed\rerun_macba_2026-05-19\final_sandbox\prediction_plots\track_50.png
24,0.2995821001961256,0.5024637925135611,C:\Users\OWNER\Desktop\IAAC\IAAC_Thesis\motion-pixels\mp-data\processed\rerun_macba_2026-05-19\final_sandbox\prediction_plots\track_24.png
32,0.14241977240937273,0.19748270261084677,C:\Users\OWNER\Desktop\IAAC\IAAC_Thesis\motion-pixels\mp-data\processed\rerun_macba_2026-05-19\final_sandbox\prediction_plots\track_32.png
17,0.30695719678062044,0.7620821605066941,C:\Users\OWNER\Desktop\IAAC\IAAC_Thesis\motion-pixels\mp-data\processed\rerun_macba_2026-05-19\final_sandbox\prediction_plots\track_17.png
37,0.2127066634053689,0.3422133789815168,C:\Users\OWNER\Desktop\IAAC\IAAC_Thesis\motion-pixels\mp-data\processed\rerun_macba_2026-05-19\final_sandbox\prediction_plots\track_37.png
45,0.47374446968202133,1.0072984893133496,C:\Users\OWNER\Desktop\IAAC\IAAC_Thesis\motion-pixels\mp-data\processed\rerun_macba_2026-05-19\final_sandbox\prediction_plots\track_45.png
25,0.3271663275405955,0.537569554766951,C:\Users\OWNER\Desktop\IAAC\IAAC_Thesis\motion-pixels\mp-data\processed\rerun_macba_2026-05-19\final_sandbox\prediction_plots\track_25.png
31,0.12001176314650314,0.21386725221468533,C:\Users\OWNER\Desktop\IAAC\IAAC_Thesis\motion-pixels\mp-data\processed\rerun_macba_2026-05-19\final_sandbox\prediction_plots\track_31.png
49,0.20015297232109747,0.11807960413014934,C:\Users\OWNER\Desktop\IAAC\IAAC_Thesis\motion-pixels\mp-data\processed\rerun_macba_2026-05-19\final_sandbox\prediction_plots\track_49.png
51,0.17777590275200528,0.38059701075482844,C:\Users\OWNER\Desktop\IAAC\IAAC_Thesis\motion-pixels\mp-data\processed\rerun_macba_2026-05-19\final_sandbox\prediction_plots\track_51.png
