cluster_id,center_x,center_y,n_points
0,5.423299999999999,23.911850000000005,20
1,1.8411000000000002,21.85085,20
2,7.332600000000001,-8.260500000000002,10
3,3.3443666666666663,27.4141,60
4,5.20282,-5.84046,50
5,1.1079666666666668,19.4631,30
6,9.662325,-13.219995454545455,440
7,-0.27090000000000003,17.536400000000004,10
8,0.12579999999999997,10.8698,10
9,8.1138,-17.29555,20
10,0.8657999999999999,2.2573,10
11,-0.26419999999999993,-4.631500000000001,10
12,1.1016857142857144,-1.2338,70
13,0.7174333333333334,5.200266666666666,30
14,12.461125,-6.925025,80
15,5.410200000000001,-8.6131,10
16,9.147099999999998,14.7893,10
17,3.508,7.694599999999999,10
18,12.3215,-4.5497,10
19,2.8708,12.3236,10
20,9.4721,-5.0957,10
21,6.7679,21.577,10
22,3.6976999999999998,-2.7504,10
23,13.7798,-19.162525,40
24,6.577600000000001,-2.8883,10
25,11.3421,-2.8226000000000004,10
26,5.327,5.131500000000001,10
27,1.4873000000000003,-6.040549999999999,20
