epoch,train_position,train_turn,train_heading,train_total,val_position,val_turn,val_heading,val_total
1,0.6790488640194411,0.9543661897654062,0.49509995985817123,1.30476194862481,0.7208953432324859,0.8077153977110154,0.4330881706542439,1.2546794868177837
2,0.6420988592963952,0.9088611216663004,0.4688962892844127,1.237198316526937,0.6408481090019147,0.7818564178810145,0.41872897692438626,1.1573950252599186
3,0.6242864378206022,0.8921657756134704,0.46242029106878973,1.209095419042713,0.6674278780817986,0.7970509153480331,0.4599115640545885,1.2039267947276433
4,0.6165562043150703,0.8828802639311486,0.46336982187988995,1.1970072872691102,0.720852474661337,0.7607067035718097,0.4321275310176942,1.2308440835939514
5,0.5997772540856193,0.8751681481088911,0.4524716765998484,1.1731028362944886,0.6787443974779712,0.7660904809108211,0.4394741116091609,1.193631878660785
6,0.5839654953761415,0.869484357715963,0.4506924009912617,1.1539153993784725,0.6683481671743923,0.7571852827185972,0.4291785044595599,1.1756943570242988
7,0.5668771298868316,0.8658533244342594,0.4481841712862581,1.1342590495780274,0.6414342281719049,0.7600897121864061,0.43109705642693574,1.1508082007368405
8,0.5577223495303929,0.8570623175783472,0.44034768362621685,1.1183578187947745,0.6642956003546715,0.7655255030038663,0.4343949660865797,1.177376853923003
9,0.533102906700019,0.853541986824392,0.4420461884566716,1.0924877629830287,0.6989021071129375,0.7634891886833227,0.42119053482181495,1.207003862493568
10,0.5157948421416702,0.8444522614007468,0.4394283742695064,1.0698494881719023,0.6821567724976275,0.7614435779208887,0.4358077169706424,1.1936208913723627
11,0.5062505331013228,0.8365453931656512,0.4329511760355352,1.054408585894239,0.6746323799921407,0.7657732054384219,0.43239910581873525,1.187238717575868
12,0.4830053905700589,0.8280285818236215,0.42829914417240644,1.0255094308119554,0.7300756338569853,0.7668687054111312,0.43983530182805325,1.2454605743288993
13,0.44877792518217485,0.8147644513255947,0.4261524566909769,0.9840058924077631,0.7151965054372946,0.7740268802477254,0.44283576636678645,1.2350606871975793
14,0.42521336910488844,0.8023189401233589,0.41608849727845454,0.9511993909275139,0.6963273011147976,0.7818518611809446,0.4389935629442334,1.2189513030979369
15,0.39871219684789466,0.7856661102273962,0.41157119683511967,0.915016615325278,0.70420625731349,0.7799198870650597,0.4449439744775494,1.2276493923531637
16,0.3690049695935878,0.7713806488684245,0.4041078947402619,0.8759276654694107,0.6851899397869905,0.7740645835383071,0.4300223738575975,1.2012289489308994
17,0.3477908943544377,0.7501484993394915,0.3939632187996592,0.8410541131601229,0.7388375538918707,0.8220682782638404,0.4589115370064974,1.2875451498561434
18,0.3218847820883269,0.7253499709315352,0.38409164534820306,0.799787268599311,0.7337126096917523,0.8144495073291991,0.4502106961276796,1.2760005788670645
19,0.2972120360686229,0.6866345949880369,0.36927401009169253,0.7513115417498809,0.7423094681567616,0.8439309190337857,0.4637156539079216,1.3033896423048443
20,0.27363551909124456,0.6501338793681218,0.35794681037192816,0.7060865058348729,0.7226195034881433,0.8391767725348472,0.5115016850332419,1.2956584142314063
21,0.2539988413453102,0.6123894033851204,0.344810635637451,0.6636367389133998,0.7607112158089876,0.9059450034052133,0.49825513420833484,1.363160275419553
22,0.2268203032377002,0.5408739747909399,0.3128407514357305,0.5911095203279139,0.7857587387164434,0.9615436323401001,0.484875823971298,1.4119933191272946
23,0.20891443692393355,0.47365980931035767,0.2834629735612607,0.5307832362232627,0.7813786591092745,0.9503496979673703,0.49629026516858077,1.405440600381957
24,0.18901607448255622,0.41207767166606674,0.25923706493698634,0.4728260317019054,0.8092881130675474,1.0062460992899207,0.5089290628416671,1.4650898817512723
25,0.16811048067533052,0.3331445790254153,0.22527595947568232,0.40226556000473734,0.8083583139710956,1.03470375424044,0.5388098202645779,1.487353158659405
26,0.14918680715855662,0.2652334451839164,0.19092583126582943,0.3390812812270699,0.8371790720356835,1.0676916299180852,0.5392557938272754,1.5328016324175728
27,0.1330381773657851,0.2203537562718758,0.1738954494369554,0.29538369250821545,0.8519559136695332,1.1193692297985156,0.5438955608341429,1.5748092118236754
28,0.12400096907065465,0.18096153197380213,0.14730523593805647,0.25867330736511357,0.8364765726857715,1.0766035339898534,0.5386994135669536,1.5363881735338105
29,0.10063811511947558,0.13684321668940586,0.12112921163194128,0.20539848783186504,0.8764244283239047,1.114186536686288,0.564270296610064,1.6027987963623471
30,0.09032749053459246,0.11006138197832055,0.10153157578801716,0.17581765541991035,0.8502543643116951,1.1130820435782274,0.5583585080380241,1.5743029518259897
31,0.08024459910261762,0.09458420950059708,0.08903054736227124,0.15424586947147662,0.8571441175209151,1.1235912677728468,0.545205391281181,1.5825013766686122
32,0.07652989750380045,0.09260701495376263,0.08659083270109617,0.14881065625410814,0.8568412153257264,1.1039412720335855,0.570960876180066,1.5801001250743867
33,0.07021092797864924,0.08702824467813576,0.07939568566833878,0.1375437571124716,0.881364989032348,1.0997261178990205,0.5717389677961667,1.6027497566408582
34,0.061597634053656036,0.06952641145786741,0.06522464672369617,0.11592823467575587,0.8485923620561758,1.092667742114928,0.5582955340337422,1.5624149001306957
35,0.05688016491604375,0.05816890039778018,0.05633045933976933,0.10286375401275498,0.8457350465986464,1.0834239875690805,0.5622534798458219,1.556123094426261
36,0.05213418875585545,0.05381766998178356,0.0504430266977339,0.09417593242539155,0.8461216282513406,1.1053512987991174,0.5563590888968772,1.565705015261968
37,0.05736651549954991,0.07022335161710834,0.05912767459976149,0.11021649406015217,0.8460990651614136,1.0890621268914806,0.5689328187455733,1.5613099783658981
38,0.048544718452043584,0.05471780727934707,0.04898273774555751,0.09059844425582624,0.8503801161216364,1.0776019170466395,0.5565842687669728,1.556156356467141
39,0.04423869807314087,0.05137634064470019,0.04786382074785102,0.08428601507957165,0.8276448997358481,1.0700334165245295,0.5477947324928311,1.5270000272327
40,0.037542417489892836,0.042290584286572515,0.03907987533526106,0.0704116726560252,0.8396815232932567,1.0659778424849113,0.5580911162412829,1.5400977806912528
41,0.03595163643278263,0.03954123156656931,0.035915109895906606,0.06649678550087489,0.8438526718152894,1.0657529232402643,0.5650818031074272,1.5462537050247191
42,0.0359060215221329,0.04343222351233055,0.03750535835112844,0.06887374138766593,0.8308049300478564,1.0448489367547962,0.549252180258433,1.5180050730705261
43,0.03421434118402201,0.04034420775843191,0.03438013681507373,0.06470048654783558,0.8269112376703156,1.0266276982095506,0.5518559573839108,1.5057818743917677
44,0.03411633783726247,0.040508842458027404,0.03473624426584977,0.06479163273022726,0.8312249114943875,1.0460316982948117,0.5605563142647346,1.5224076684978274
45,0.031823702260933735,0.035871048257327995,0.03098161103469985,0.05905371013987851,0.8439605693850253,1.0299452419496244,0.5624823269330793,1.527677889333831
46,0.030146490031300665,0.03485072881065227,0.030668029234140783,0.05677226355278885,0.8294811751279566,1.0369530788312356,0.5628294078219268,1.5168065485027102
47,0.031074867076189307,0.03768523619766091,0.030069032336001868,0.05893819514293592,0.8352101754811075,1.0283024525890747,0.5577619685274031,1.5166900124814775
48,0.028978355734476022,0.034654788785501496,0.028965068477523195,0.05499527107637662,0.8295676133698887,1.0293705303428902,0.5522195027106338,1.5099187446965112
49,0.030935790361120152,0.03825740441884641,0.03245559664709227,0.05980117196565146,0.8192058612075117,1.0350050529051158,0.5479244288057089,1.501085728738043
50,0.02728563006148561,0.034005423264762205,0.028304571699310135,0.05277971354323429,0.8182285784847206,1.0271319556360443,0.5540768370653192,1.498017614086469
51,0.024956950524842345,0.03025210247180619,0.02623951862474064,0.04795485773011223,0.831890769302845,1.023631021504601,0.5574629975482821,1.5109451870123545
52,0.025334508319968706,0.029560603846151095,0.02541886878373859,0.047740471240255856,0.8103498413330978,1.0167689225946863,0.5516103530509604,1.4842174275053872
53,0.02494310166809585,0.02689323532957952,0.021765949028533894,0.044919504389003086,0.8216880974670251,1.0221941575821902,0.5572886647035679,1.4999717818366156
54,0.04053859102570421,0.04467381186128318,0.038072206755424595,0.0742971593452679,0.8244099709722731,1.0068282642091313,0.5506220928703746,1.493010730544726
55,0.02345115468315371,0.029442949087492058,0.024056061811663292,0.04538944819225715,0.8150685610042678,1.0179540361381239,0.546016729519599,1.48785061372651
56,0.01791717265886101,0.019855802663816854,0.018502053904991884,0.033395690399293715,0.8189492637912432,0.9919690206232998,0.5535457723463575,1.4809975180361006
57,0.015788071754050777,0.01579397031013946,0.015592685603833461,0.028362862769882757,0.8141865245170063,0.9963511516547038,0.5493203799343771,1.4771582305431366
58,0.015726067933284647,0.016980568640916557,0.01658170634655507,0.029190864375086275,0.8107959671152962,1.006779476482835,0.5425433736294508,1.476948716243108
59,0.026370050125642794,0.04112985218250817,0.03750345138730583,0.058186012082784386,0.8169494436846839,1.0157658001614942,0.5399630953040387,1.4868212822410796
60,0.024918257113505198,0.035146317084493874,0.027802535166943466,0.050832176511431786,0.7952126429312759,1.0013188037607406,0.5444756758916709,1.4592147376802234
61,0.01801182835536835,0.0206825227527828,0.018461147888184905,0.03389143433299038,0.7916392808159193,1.0130918143110144,0.5455754216967358,1.461857814921273
62,0.015031994001141616,0.016653525695245672,0.01617340669445284,0.028210779023612593,0.7998219014869796,0.9910457372975846,0.5430480084692438,1.4582591861486436
63,0.015724424118237507,0.01813139256785859,0.017308544076897286,0.02998268383217382,0.8096034507784579,1.003324684397214,0.546913617476821,1.4753398829036288
64,0.018597459739872386,0.02252787542785262,0.01927352610688943,0.035643455537629654,0.79736685877045,0.999166984607776,0.542980548263424,1.4598445203569201
65,0.018477849111697833,0.0237017335370183,0.021207944627155313,0.03669109964272478,0.7878451641235087,0.9956590491864417,0.5448369426445828,1.449125772052341
66,0.020789089864426916,0.031654840237000485,0.028336770505040555,0.045117541394390906,0.8023282800283696,0.9805146147083077,0.5460873573604558,1.456411800450749
67,0.017143784768388168,0.023305533644180376,0.020204928099781604,0.03485803033051255,0.7961410104400581,0.9808700688597228,0.5381887252752979,1.44803267982271
68,0.012839114393752354,0.015884968814450305,0.014772758579679898,0.02521342656237411,0.7952112574544218,0.9883939513212276,0.5420530801018079,1.4520241452587976
69,0.012098429391958885,0.013755493549691451,0.01387219854763576,0.023137835888089715,0.7792849034898811,0.9811751031834218,0.5452349706242482,1.4334429538912243
70,0.014844296720124536,0.017049820618806305,0.01698158728470514,0.028463683408367763,0.7909473699000147,0.9738657770057519,0.5317810233268473,1.43741458190812
71,0.018121544538823132,0.021258509665686678,0.020276249842820587,0.03483367453810278,0.8044964363177617,0.9746088969417744,0.5432103551303347,1.4547640045483907
72,0.022474923259118103,0.03460444510187749,0.03159307106756247,0.04925506741709106,0.7926517079273859,0.9911677932263249,0.5502908505913284,1.4533228718572193
73,0.018147141634803878,0.026928881033845654,0.022209819844299622,0.03827452838502742,0.7865398643745316,0.9678775077064832,0.5353339223191143,1.4310788012213178
74,0.013460414502565023,0.01707630525087262,0.01642988944364773,0.026927534204262953,0.7802070991032654,0.98020762167871,0.5322550223312444,1.4299874189827178
75,0.011197022165448128,0.012375346365497334,0.012987144848147591,0.021280838921666146,0.776868531273471,0.9704879393594132,0.5310838957834575,1.4214376757542293
76,0.009628197392141753,0.009438719747813193,0.010724193565956839,0.017564815507976565,0.7864801598091921,0.967037961528533,0.5364049392648869,1.4309206389718585
77,0.011088917600912053,0.012294566811441065,0.012892110174992583,0.021103834181737443,0.769629772586955,0.966087508149859,0.5331972823581762,1.4126327183511522
78,0.01344563038405645,0.016811717941251757,0.015881058291255773,0.026615807117259766,0.7875634771254327,0.9783006065835556,0.5348792211670015,1.4371775613890754
79,0.015191300797716275,0.019943097722972487,0.01761893327501449,0.030448529832474477,0.7953902350531684,0.9610189742512173,0.5354441164475349,1.4365329596731398
80,0.015277126703697902,0.021052836858063608,0.018341709796216462,0.031306058293269885,0.779846350600322,0.9873101985702912,0.5298759051702089,1.4324642108546364
81,0.01836518014852817,0.03297177081784377,0.027708436843458112,0.043163596830525244,0.7944832070006265,0.9694379109164907,0.5399947232256334,1.4412005914582147
82,0.01424701707847007,0.021303078276361083,0.018659584125974675,0.030496431657901175,0.779426383641031,0.9630436452312602,0.5332145305143462,1.4209125697612763
83,0.009684844903013372,0.011766820833864775,0.011758965524015846,0.01909594511265283,0.7711734650035699,0.9443744657199002,0.53282105717808,1.4032070189714432
84,0.008609667588741734,0.00905994188531742,0.0105190106432189,0.016295341793243046,0.7865611780020926,0.9575819061137736,0.5329342765112718,1.4252324127488667
85,0.00911509411532309,0.009650993602514103,0.010782679989115222,0.017175395048868197,0.7708018851776918,0.9538831208936043,0.5296061055941714,1.4066252837578455
86,0.010815779479977848,0.012356651165000685,0.01319296208548022,0.020951993802337202,0.7806154519319535,0.9562609415708316,0.5303355994737811,1.4178466081619263
87,0.011773255917724672,0.014645148572194707,0.01476961931848264,0.023526716238440392,0.7960493748386701,0.9664287195230524,0.5439309724917014,1.442443029416932
88,0.015078611725143024,0.018405049654481174,0.018216904170893052,0.029746208059509376,0.7833474775983228,0.9585140467310945,0.5371402831334207,1.4237465934620963
89,0.017342042193267043,0.021756128768262627,0.018658804181185398,0.03381774818094877,0.78702856393324,0.9511937339065804,0.5317472357509865,1.4221496105194091
90,0.012539849865280993,0.015058026589698844,0.013825669892869152,0.024216564323057185,0.7805171055926217,0.9522869259325994,0.5248748648497793,1.4141230311658648
91,0.00907088749642883,0.010255864645344216,0.01060142851137853,0.017379248510677736,0.7775663481818305,0.9532481554274758,0.5343801953312424,1.4145044936074151
92,0.007943825625333484,0.009389364715297143,0.009959132003260183,0.015626247667267428,0.7767079767253664,0.9496515583867828,0.5266026230735912,1.4095145516925387
93,0.00845442132993632,0.010257994241828283,0.011367143117464507,0.016993561540576782,0.7773661761648125,0.9479544541281131,0.5354848608167635,1.4119888775878482
94,0.012232924252236774,0.012866266772846927,0.013412842043972277,0.022689910357879414,0.7764896838201417,0.9357523602330022,0.530877959748937,1.4036292569504845
95,0.010842698422557378,0.01268769285262941,0.012668894198569623,0.020987213257659267,0.7664751794603136,0.9428231911940708,0.5278572769835591,1.3962439722485012
96,0.010115121348996411,0.014422625455759711,0.014947211238872873,0.021810597607067654,0.7803262925810284,0.9530949638328619,0.5279827770880527,1.4152686215109296
97,0.010310990994816626,0.015241738662614928,0.01445776978609981,0.02226919137391743,0.7597647955020269,0.950132274793254,0.53993511500044,1.3968114723761877
98,0.008869102816762668,0.01191203476461981,0.011782648942464,0.01835991500743798,0.7649792082607746,0.940242682190405,0.5280213080553545,1.3935069488154517
99,0.008275230361946991,0.010041994796963511,0.011004268750548362,0.016597508479441914,0.7686881959438324,0.9547301249371635,0.5299899658188224,1.4050502561860614
100,0.008521536900917743,0.010522700986405323,0.011033229259671746,0.017092856326764758,0.782169430454572,0.9504227731583847,0.5326093119672604,1.4171636071470048
