epoch,train_loss
1,0.8733761042343368
2,0.8556502808799097
3,0.8464424377860922
4,0.8400408439453033
5,0.8328067889984144
6,0.8246790375191437
7,0.8166005291874742
8,0.8046530000455366
9,0.7915465133547626
10,0.7813508724428808
11,0.7659783723765352
12,0.7501102692489843
13,0.7353149925111307
14,0.7191947798984054
15,0.7064657009800118
16,0.6913758799243425
17,0.6783380886627577
18,0.6624046973736472
19,0.6508266869645347
20,0.6390234059315849
21,0.627689322669146
22,0.6164385870013768
23,0.607030403595672
24,0.5980516088751642
25,0.5883116281436751
26,0.5799260780786114
27,0.5751603892961298
