variant,track_id,ade,fde,heading_err_deg,cum_heading_ratio,path_len_ratio,seed_continuity_err,angularity_pred,angularity_gt,curvature_corr
A_motion,50,0.1305937402439202,0.3852216288012975,58.11727684635816,0.0229370018827609,1.3098445260159324,0.0,0,10,-0.3226622186033512
A_motion,24,0.4598184781870564,0.9629889304820344,123.15815514175348,0.0163278173032469,0.8621894199017043,0.0,0,14,-0.0741141026957633
A_motion,32,0.3518965517605329,0.8168033443060498,100.427433199528,0.0178605767481243,0.8672439927577805,0.0,0,9,-0.3335445071042213
A_motion,17,0.2837232051032216,0.5334293357939796,40.65644332306621,0.0025807297881707,1.2368369580817964,0.0,0,4,0.0874573259726943
A_motion,37,0.3571740534358098,0.7105932232091251,119.69344242295088,0.0891624224277747,0.7475829896344021,0.0,2,11,-0.012630020732688
A_motion,45,0.4896322100375901,0.9760915047078562,109.22057656419112,0.004319644266838,6.225191063645735,0.0,0,6,0.2480086102600446
A_motion,25,0.3855984958315668,0.7945663505320008,128.94289653640325,0.3356299474208526,0.5016199119040047,0.0,3,4,0.010702584895525
A_motion,31,0.1725567219240427,0.3197018638221006,74.41455792922834,0.0257404172391144,0.7585705083618494,0.0,0,6,0.1896673203605794
A_motion,49,0.1725499417513048,0.175840572250574,97.0365537269996,0.1209694084182708,0.1939455159428992,0.0,3,11,-0.0300386080721356
A_motion,51,0.1544135788349323,0.3892491251824388,68.37683059082602,0.036714927237487,0.9050365589623722,0.0,0,13,-0.4336692249647015
B_position,50,0.2013431806413639,0.5750357987934972,99.63656667278876,0.2989999865662301,1.1746875807823398,0.0,9,10,0.2110077786549207
B_position,24,0.1968205465413862,0.4379894033685546,66.53740323172728,0.0903275695584031,1.4141966719383243,0.0,3,14,0.0925972386680934
B_position,32,0.2829128303953738,0.6918038532188335,80.30953145274012,0.0153823496173221,1.7221255307939696,0.0,0,9,-0.3591478898177913
B_position,17,0.2100372803112656,0.4022793725481122,64.26035673444557,0.3589744868626034,0.353568674423703,0.0,3,4,0.408330806745427
B_position,37,0.278067031813639,0.7115919471664468,53.57476486647448,0.0115900565138709,1.910841325400784,0.0,0,11,0.0860911745912806
B_position,45,0.5158400335546438,1.0888361052334934,105.50897600082412,0.0101462040018981,7.01733803555906,0.0,0,6,-0.3518741893440343
B_position,25,0.24948879746649,0.5765228211316552,30.2514232532681,0.0268342013155654,1.541598166476828,0.0,0,4,0.01881474193062
B_position,31,0.2614198463773611,0.6782794409806701,103.27591957135036,0.0311092595352713,0.7593637291589225,0.0,0,6,0.3836668371737033
B_position,49,0.3731028082482909,0.951425827671816,98.5885824404144,0.0106825882772321,0.2771123323385043,0.0,0,11,-0.1703616422733282
B_position,51,0.1165849940174236,0.2714837038257393,87.7411227606112,0.2595021523120443,0.5879152344388808,0.0,9,13,0.2100927829441236
C_spatial,50,0.0568175966532289,0.101512300500781,63.10624317228769,0.0115515303045819,0.6294583335720962,0.0,0,10,0.111138517494876
C_spatial,24,0.2114563325570785,0.2052087808847612,76.72342691245949,0.1425807682397712,0.6065358181467072,0.0,6,14,0.0741809741946029
C_spatial,32,0.1252474198620209,0.2714988854249204,80.39405006536269,0.0226442208374867,0.9922148912201832,0.0,0,9,-0.1089453739037327
C_spatial,17,0.0824958415253644,0.0603947884183873,38.663627496876,0.0123122863682992,0.5287666700057988,0.0,0,4,-0.1488080385889692
C_spatial,37,0.1443971108250457,0.3301118730041294,55.31780156921162,0.0217245493196637,1.173284943062215,0.0,0,11,0.2005872837892436
C_spatial,45,0.6855693960038678,1.3965111693472114,108.69479603027176,0.0049070461045025,8.810015325785068,0.0,0,6,0.2385347704639819
C_spatial,25,0.1188387486660063,0.165313091610734,32.80107706651038,0.0672371586887448,0.8924208264312801,0.0,0,4,-0.1070543152117886
C_spatial,31,0.2000298481706316,0.5401678834804063,96.9058382833369,0.142598090459833,0.5745013765291337,0.0,2,6,0.2849320798016698
C_spatial,49,0.2631825789217822,0.4982856795942047,83.32584917595901,0.0477605776998494,0.4786946068757332,0.0,1,11,-0.0477061174274426
C_spatial,51,0.4564897856394137,1.0887754712231277,69.91608925340687,0.0146028008422371,2.378491691003886,0.0,0,13,0.083729143300108
D_angular,50,0.0762005931147163,0.1324663911868978,65.39390350205078,0.0666264300151554,0.6847192625057179,0.0,1,10,0.0389891460545747
D_angular,24,0.2015925861185035,0.1544201009013704,78.70229967965822,0.0931877216515774,0.8575078014686894,0.0,2,14,0.0153579121183217
D_angular,32,0.1212760854603753,0.3124599650690196,86.12694605868039,0.4842080633562434,0.2728419715260006,0.0,8,9,-0.1117011686624152
D_angular,17,0.102797175282781,0.1290880019331607,45.27472704573351,0.0663353085758622,0.5715518995163349,0.0,0,4,0.1984748647639038
D_angular,37,0.1217347808119559,0.2529210840626166,53.74737468689094,0.0245883756083273,1.0482158037618228,0.0,0,11,0.0652027633370109
D_angular,45,0.651948544026839,1.315273232406132,109.13056669004104,0.0051962697271936,8.31118421082064,0.0,0,6,-0.117197786971879
D_angular,25,0.1011773970745814,0.0548246237111314,29.05832567512693,0.0775876952673089,0.7475332395665835,0.0,0,4,-0.0970419014030508
D_angular,31,0.1643825065348919,0.4997090179718898,87.92209233574133,0.3475055161122738,0.5316831455274779,0.0,5,6,0.3376486594548452
D_angular,49,0.1863286303813069,0.2440935875449281,86.75332075825575,0.0835758821094866,0.2515940769988758,0.0,2,11,-0.032556280155293
D_angular,51,0.2341991131342369,0.561489933369107,70.8744647724537,0.0321714695885724,1.2645943446159684,0.0,0,13,-0.0376006211551686
