filename,source,dimensions_px,notes
skate_1_bottleneck_heatmap_original.png,C:\Users\OWNER\Desktop\IAAC\IAAC_Thesis\mp-midterm\graph-ouputs\skate-1\bottleneck_heatmap.png,981 x 1278,"Original file, unchanged. skate-1 matches the supplied map reference; reference was rotated."
skate_1_flow_field_quiver_original.png,C:\Users\OWNER\Desktop\IAAC\IAAC_Thesis\mp-midterm\graph-ouputs\skate-1\flow_field_quiver.png,981 x 1278,"Original file, unchanged. skate-1 matches the supplied map reference; reference was rotated."
skate_1_linger_zones_plot_original.png,C:\Users\OWNER\Desktop\IAAC\IAAC_Thesis\mp-midterm\graph-ouputs\skate-1\linger_zones_plot.png,921 x 1394,"Original file, unchanged. skate-1 matches the supplied map reference; reference was rotated."
skate_2_bottleneck_heatmap_original.png,C:\Users\OWNER\Desktop\IAAC\IAAC_Thesis\mp-midterm\graph-ouputs\skate-2\bottleneck_heatmap.png,936 x 1278,"Original file, unchanged. skate-1 matches the supplied map reference; reference was rotated."
skate_2_flow_field_quiver_original.png,C:\Users\OWNER\Desktop\IAAC\IAAC_Thesis\mp-midterm\graph-ouputs\skate-2\flow_field_quiver.png,940 x 1278,"Original file, unchanged. skate-1 matches the supplied map reference; reference was rotated."
skate_2_linger_zones_plot_original.png,C:\Users\OWNER\Desktop\IAAC\IAAC_Thesis\mp-midterm\graph-ouputs\skate-2\linger_zones_plot.png,871 x 1394,"Original file, unchanged. skate-1 matches the supplied map reference; reference was rotated."
skate_1_tracking_still_frame_01002.png,tmp\sandbox\skate-1_frame_01002.png,1280 x 2276,Full-resolution frame 1002 (zero-based) from C:\Users\OWNER\Desktop\IAAC\IAAC_Thesis\mp-midterm\new-video-outputs\skate-1.mp4; selected after reviewing multiple frames for visible tracks.
skate_2_tracking_still_frame_00911.png,tmp\sandbox\skate-2_frame_00911.png,1280 x 2276,Full-resolution frame 911 (zero-based) from C:\Users\OWNER\Desktop\IAAC\IAAC_Thesis\mp-midterm\new-video-outputs\skate-2.mp4; selected after reviewing multiple frames for visible tracks.
raval_tracking_still_frame_00155.png,tmp\sandbox\raval_frame_00155.png,1280 x 2276,Full-resolution frame 155 (zero-based) from C:\Users\OWNER\Desktop\IAAC\IAAC_Thesis\mp-midterm\new-video-outputs\raval.mp4; selected after reviewing multiple frames for visible tracks.
macba_interior_tracking_still_frame_02164.png,tmp\sandbox\macba_frame_02164.png,1280 x 2276,Full-resolution frame 2164 (zero-based) from C:\Users\OWNER\Desktop\IAAC\IAAC_Thesis\mp-midterm\new-video-outputs\macba.mp4; selected after reviewing multiple frames for visible tracks.
