epoch,val_ade,val_fde,mse,mag,curv,total
1,0.37225317919568296,0.6312147339757718,0.95333990531197,0.6567542107420438,1.7882120047371002,2.5042001159065728
2,0.336228241914764,0.5605493231353373,0.9374246238233737,0.6413098247510193,1.6984583943238185,2.4279636454070204
3,0.32368206894001444,0.531266296275819,0.9318649235439197,0.6380731484139963,1.6546855803928084,2.3972808623885276
4,0.33410534388286056,0.5593220365742032,0.9257586304732583,0.6336322156552989,1.6323371731229486,2.37555943398397
5,0.3288522135065263,0.5493844283756711,0.9218012924195078,0.6304132438201308,1.6187212799629096,2.3615751778489513
6,0.3310340161191906,0.5509345202683031,0.9168484493315572,0.6293752726307733,1.6065627372491185,2.349505090505729
7,0.3395078838500303,0.5732201775043383,0.9148204614588897,0.6253457613523564,1.5969685440563615,2.3386504943779687
8,0.32735947555689776,0.5432530979520483,0.9097176402287805,0.6196029525269907,1.5852079058672979,2.3219245446088195
9,0.32515887139611993,0.5378031097024543,0.9036792177640869,0.6175344969684226,1.5755659185055442,2.3089966769163532
10,0.3212891913141919,0.5349717714091236,0.8995886863047855,0.6135651227138957,1.5677065439881694,2.297007081963509
11,0.32370038873935436,0.534073553301103,0.8924381015941134,0.606971614167136,1.557365681740713,2.278092557586987
12,0.31528427384338964,0.5164093928721674,0.8858916055569944,0.6023334793182982,1.5494028475289772,2.2629265071927964
13,0.32192370817978444,0.5319156028942867,0.8789156754134491,0.5981065050263735,1.5401921465023634,2.247118255077698
14,0.3271742152989018,0.5458708231125906,0.8710015076706797,0.5909252784313757,1.5326618926012363,2.2282577302461095
15,0.3213801025562025,0.5274116895231963,0.8619492701789578,0.5859351402204838,1.5225674321152063,2.2091681278089554
16,0.328750778240783,0.5447782398093581,0.8552786940137731,0.5802332985389095,1.5155339197061755,2.193278953604634
17,0.3286379298170224,0.541457028819582,0.8472623816446987,0.5728904777158653,1.507792521387552,2.174049120119269
18,0.31806711548642475,0.5201519602912801,0.8377777288960327,0.5698943567626616,1.5002839055122188,2.1578140378072557
19,0.32099473410541346,0.5247748174889733,0.8300193288348153,0.5633821781044098,1.4923659649698156,2.139584489730226
20,0.3327766049263293,0.5526446190499482,0.8226501193979319,0.5574014915522667,1.4830960841368857,2.1215996514255666
21,0.3150099908490293,0.5132307660697173,0.8150269675349432,0.5530167015039249,1.478136899795556,2.1071121198642007
22,0.3210587024445829,0.5245688023180382,0.8093743932987351,0.5497140528450419,1.4704864340484458,2.094331666312409
23,0.3217100523803248,0.5283316276155898,0.8000259842924191,0.5430901027146878,1.4628761896751694,2.0745541824012244
24,0.3254525913210732,0.5360404884377342,0.7950056831515024,0.5417053578377994,1.4584874713342952,2.065954773848279
25,0.3237378025965407,0.5346009101826505,0.7850086710329112,0.5354044743524583,1.4502575871842767,2.0455419381682165
26,0.31918867713645205,0.5258764156994993,0.7805918271097111,0.5322415696041368,1.4416854739040739,2.0336761335290707
27,0.3276439146013444,0.5383979696364896,0.7719411484055381,0.5291588485537754,1.4368034094952364,2.01950170108547
28,0.32144232000980383,0.5303277557527156,0.7673118527836047,0.5219416522484422,1.4316878506338118,2.005097431276507
29,0.3252475741079833,0.5375574254410347,0.7594356084404206,0.520377189688526,1.4285928686200144,1.9941092290093214
30,0.32231891346123565,0.5276971957842959,0.7548948448931655,0.5173388536853691,1.422997739487187,1.9837325665018026
31,0.3218758633992945,0.5300690068456202,0.7504600782168828,0.5153595719856338,1.4177459067100682,1.9746926027482594
32,0.32308572228645877,0.5330342829694954,0.743336254688501,0.509732111578896,1.4113847971370648,1.9587607654388397
33,0.31823422743673097,0.524423878246414,0.735926960010303,0.5072842185260016,1.4103560151432,1.9483891882296853
