filename,site,source,notes
esplanadeespanya_heatmap.png,esplanade_espanya_01,C:\Users\OWNER\Desktop\IAAC\IAAC_Thesis\motion-pixels\mp-visualization\behavior_maps\behaviormaps_final\bottleneck_density\esplanade_espanya_01_bottleneck_density_still.png,Retained final bottleneck-density visualization; not a pure occupancy heatmap.
esplanadeespanya_speedmap.png,esplanade_espanya_01,C:\Users\OWNER\Desktop\IAAC\IAAC_Thesis\motion-pixels\mp-visualization\behavior_maps\behaviormaps_final\speed_population\esplanade_espanya_01_speed_population_still.png,Retained final speed-population visualization.
esplanadeespanya_lingerzones.png,esplanade_espanya_01,C:\Users\OWNER\Desktop\new_datasets\esplanade_espanya_01\filtered_250m\linger_zones\linger_zones_plot.png,Linger-zone export from final filtered_250m dataset.
placacatalunya_heatmap.png,placa_catalunya_01,C:\Users\OWNER\Desktop\IAAC\IAAC_Thesis\motion-pixels\mp-visualization\behavior_maps\behaviormaps_final\bottleneck_density\placa_catalunya_01_bottleneck_density_still.png,Retained final bottleneck-density visualization; not a pure occupancy heatmap.
placacatalunya_speedmap.png,placa_catalunya_01,C:\Users\OWNER\Desktop\IAAC\IAAC_Thesis\motion-pixels\mp-visualization\behavior_maps\behaviormaps_final\speed_population\placa_catalunya_01_speed_population_still.png,Retained final speed-population visualization.
placacatalunya_lingerzones.png,placa_catalunya_01,C:\Users\OWNER\Desktop\new_datasets\placa_catalunya_01\filtered_250m\linger_zones\linger_zones_plot.png,Linger-zone export from final filtered_250m dataset.
placaespanya_heatmap.png,placa_espanya_01,C:\Users\OWNER\Desktop\IAAC\IAAC_Thesis\motion-pixels\mp-visualization\behavior_maps\behaviormaps_final\bottleneck_density\placa_espanya_01_bottleneck_density_still.png,Retained final bottleneck-density visualization; not a pure occupancy heatmap.
placaespanya_speedmap.png,placa_espanya_01,C:\Users\OWNER\Desktop\IAAC\IAAC_Thesis\motion-pixels\mp-visualization\behavior_maps\behaviormaps_final\speed_population\placa_espanya_01_speed_population_still.png,Retained final speed-population visualization.
placaespanya_lingerzones.png,placa_espanya_01,C:\Users\OWNER\Desktop\new_datasets\placa_espanya_01\filtered_250m\linger_zones\linger_zones_plot.png,Linger-zone export from final filtered_250m dataset.
placamontjuic_heatmap.png,placa_montjuic_01,C:\Users\OWNER\Desktop\IAAC\IAAC_Thesis\motion-pixels\mp-visualization\behavior_maps\behaviormaps_final\bottleneck_density\placa_montjuic_01_bottleneck_density_still.png,Retained final bottleneck-density visualization; not a pure occupancy heatmap.
placamontjuic_speedmap.png,placa_montjuic_01,C:\Users\OWNER\Desktop\IAAC\IAAC_Thesis\motion-pixels\mp-visualization\behavior_maps\behaviormaps_final\speed_population\placa_montjuic_01_speed_population_still.png,Retained final speed-population visualization.
placamontjuic_lingerzones.png,placa_montjuic_01,C:\Users\OWNER\Desktop\new_datasets\placa_montjuic_01\filtered_250m\linger_zones\linger_zones_plot.png,Linger-zone export from final filtered_250m dataset.
redbridge_heatmap.png,red_bridge_combined_01,C:\Users\OWNER\Desktop\IAAC\IAAC_Thesis\motion-pixels\mp-visualization\behavior_maps\behaviormaps_final\bottleneck_density\red_bridge_combined_01_bottleneck_density_still.png,Retained final bottleneck-density visualization; not a pure occupancy heatmap.
redbridge_speedmap.png,red_bridge_combined_01,C:\Users\OWNER\Desktop\IAAC\IAAC_Thesis\motion-pixels\mp-visualization\behavior_maps\behaviormaps_final\speed_population\red_bridge_combined_01_speed_population_still.png,Retained final speed-population visualization.
redbridge_lingerzones.png,red_bridge_combined_01,C:\Users\OWNER\Desktop\new_datasets\red_bridge_combined_01\filtered_250m\linger_zones\linger_zones_plot.png,Linger-zone export from final filtered_250m dataset.
stairsmontjuic1_heatmap.png,stairs_montjuic_01,C:\Users\OWNER\Desktop\IAAC\IAAC_Thesis\motion-pixels\mp-visualization\behavior_maps\behaviormaps_final\bottleneck_density\stairs_montjuic_01_bottleneck_density_still.png,Retained final bottleneck-density visualization; not a pure occupancy heatmap.
stairsmontjuic1_speedmap.png,stairs_montjuic_01,C:\Users\OWNER\Desktop\IAAC\IAAC_Thesis\motion-pixels\mp-visualization\behavior_maps\behaviormaps_final\speed_population\stairs_montjuic_01_speed_population_still.png,Retained final speed-population visualization.
stairsmontjuic1_lingerzones.png,stairs_montjuic_01,C:\Users\OWNER\Desktop\new_datasets\stairs_montjuic_01\filtered_250m\linger_zones\linger_zones_plot.png,Linger-zone export from final filtered_250m dataset.
stairsmontjuic2_heatmap.png,stairs_montjuic_02,C:\Users\OWNER\Desktop\IAAC\IAAC_Thesis\motion-pixels\mp-visualization\behavior_maps\behaviormaps_final\bottleneck_density\stairs_montjuic_02_bottleneck_density_still.png,Retained final bottleneck-density visualization; not a pure occupancy heatmap.
stairsmontjuic2_speedmap.png,stairs_montjuic_02,C:\Users\OWNER\Desktop\IAAC\IAAC_Thesis\motion-pixels\mp-visualization\behavior_maps\behaviormaps_final\speed_population\stairs_montjuic_02_speed_population_still.png,Retained final speed-population visualization.
stairsmontjuic2_lingerzones.png,stairs_montjuic_02,C:\Users\OWNER\Desktop\new_datasets\stairs_montjuic_02\filtered_250m\linger_zones\linger_zones_plot.png,Linger-zone export from final filtered_250m dataset.
esplanadeespanya_tracking.png,esplanade_espanya_01,C:\Users\OWNER\Desktop\new_datasets\esplanade_espanya_01\tracking\trajectories_metrics_overlay.mp4,Candidate frame=4413; time=147.164s; filtered active tracks=61
placacatalunya_tracking.png,placa_catalunya_01,C:\Users\OWNER\Desktop\new_datasets\placa_catalunya_01\tracking\trajectories_metrics_overlay.mp4,Candidate frame=6436; time=214.562s; filtered active tracks=59
placaespanya_tracking.png,placa_espanya_01,C:\Users\OWNER\Desktop\new_datasets\placa_espanya_01\tracking\trajectories_metrics_overlay.mp4,Candidate frame=3041; time=101.367s; filtered active tracks=59
placamontjuic_tracking.png,placa_montjuic_01,C:\Users\OWNER\Desktop\new_datasets\placa_montjuic_01\tracking\trajectories_metrics_overlay.mp4,Candidate frame=3315; time=110.548s; filtered active tracks=18
redbridge_tracking.png,red_bridge_combined_01,C:\Users\OWNER\Desktop\new_datasets\red_bridge_combined_01\tracking\trajectories_metrics_overlay.mp4,Candidate frame=7938; time=264.600s; filtered active tracks=21
stairsmontjuic1_tracking.png,stairs_montjuic_01,C:\Users\OWNER\Desktop\new_datasets\stairs_montjuic_01\tracking\trajectories_metrics_overlay.mp4,Candidate frame=5035; time=167.856s; filtered active tracks=19
stairsmontjuic2_tracking.png,stairs_montjuic_02,C:\Users\OWNER\Desktop\new_datasets\stairs_montjuic_02\tracking\trajectories_metrics_overlay.mp4,Candidate frame=3374; time=112.482s; filtered active tracks=22
esplanadeespanya_predictionrollout.png,esplanade_espanya_01,C:\Users\OWNER\Desktop\IAAC\IAAC_Thesis\motion-pixels\mp-visualization\behavior_maps\prediction_hero\out\prediction_hero_esplanade_espanya_01_H400_d600_plan.png,User-specified H400/d600 site-plan version. MODEL_X H400 checkpoint; 600-step illustrative rollout. Original unchanged.
placacatalunya_predictionrollout.png,placa_catalunya_01,C:\Users\OWNER\Desktop\IAAC\IAAC_Thesis\motion-pixels\mp-visualization\behavior_maps\prediction_hero\out\prediction_hero_placa_catalunya_01_H400_d600_plan.png,User-specified H400/d600 site-plan version. MODEL_X H400 checkpoint; 600-step illustrative rollout. Original unchanged.
placaespanya_predictionrollout.png,placa_espanya_01,C:\Users\OWNER\Desktop\IAAC\IAAC_Thesis\motion-pixels\mp-visualization\behavior_maps\prediction_hero\out\prediction_hero_placa_espanya_01_H400_d600_plan.png,User-specified H400/d600 site-plan version. MODEL_X H400 checkpoint; 600-step illustrative rollout. Original unchanged.
